station_name,elevation
AAAD,4
AAWR,167
ABBN,6
ABCV,304
ABGL,76
ABMA,342
ABTL,6
ACCC,3
ADDN,30
ADGV,54
AGGH,9
AGGL,24
AGGM,6
AHBR,9
AHPD,11
AMHB,3
AMLV,14
AMMG,69
AMMQ,6
ANAU,7
ANYN,7
APAL,69
APCR,7
APDN,30
APFT,160
APKG,360
APPH,12
ASAS,544
ASLH,6
ASNF,109
ASNW,110
ASSY,3
ASWG,213
ASWM,11
AYGA,1587
AYGN,27
AYMD,12
AYMH,1642
AYMO,4
AYNZ,70
AYPY,47
AYRB,9
AYVN,4
AYWK,6
BGAA,41
BGAM,52
BGAS,16
BGAT,23
BGBW,26
BGCH,76
BGCO,10
BGDB,44
BGDH,12
BGDU,20
BGEM,47
BGFD,23
BGFH,16
BGGD,29
BGGH,70
BGGN,24
BGHB,9
BGJH,34
BGJN,25
BGKK,34
BGKT,41
BGMQ,15
BGMV,10
BGNN,20
BGNS,30
BGPC,19
BGPT,2
BGQQ,19
BGSC,66
BGSF,53
BGSS,50
BGST,24
BGTL,77
BGTM,10
BGUK,127
BGUP,63
BGUQ,2
BIAR,27
BIBD,6
BIEG,38
BIGR,16
BIHN,7
BIIS,3
BIKA,56
BIKF,54
BIKR,3
BIRG,10
BIRK,61
BIST,8
BIVM,124
BIVO,48
BKPR,576
BMKA,41
CACQ,31
CAHR,53
CBBC,43
CERM,154
CMBB,75
CMBR,22
CMCT,39
CMCW,262
CMFM,672
CMGB,86
CMHB,105
CMHN,168
CMHW,42
CMLA,61
CMLI,31
CMPD,175
CMPL,56
CMRG,54
CMRI,30
CMRU,65
CMRY,59
CMSB,49
CMSC,55
CMSX,59
CMWD,210
CMYT,55
CNGH,20
CPBT,980
CPCI,1081
CPEH,801
CPFI,833
CPIR,858
CPQL,903
CPRO,714
CPRY,937
CPST,967
CPSV,766
CPVI,645
CPXL,799
CTAE,57
CTAL,77
CTCK,85
CTCW,58
CTNK,410
CTPP,38
CTRA,435
CTWN,75
CVAS,327
CVBI,394
CWAB,218
CWAC,41
CWAD,4
CWAE,658
CWAF,5
CWAG,192
CWAH,23
CWAJ,178
CWAN,27
CWAQ,756
CWAR,16
CWAU,4
CWAV,1114
CWAX,111
CWBA,181
CWBD,582
CWBE,196
CWBF,12
CWBG,1670
CWBI,190
CWBK,2
CWBM,745
CWBO,747
CWBR,31
CWBS,16
CWBT,11
CWBU,373
CWBV,10
CWBY,53
CWBZ,49
CWCA,14
CWCF,222
CWCH,424
CWCI,187
CWCJ,206
CWCL,1057
CWCO,221
CWCQ,34
CWCT,791
CWCU,295
CWCV,16
CWCZ,21
CWDA,29
CWDC,318
CWDD,184
CWDF,182
CWDH,19
CWDI,105
CWDJ,573
CWDK,1012
CWDL,816
CWDM,6
CWDO,92
CWDQ,169
CWDR,17
CWDT,399
CWDV,489
CWDW,29
CWDZ,678
CWEB,7
CWEC,209
CWEE,305
CWEF,26
CWEH,1078
CWEI,446
CWEK,8
CWEL,5
CWEM,14
CWEO,561
CWEP,11
CWEQ,335
CWER,5
CWES,72
CWET,251
CWEU,10
CWEW,21
CWEX,242
CWEZ,7
CWFD,393
CWFF,490
CWFG,111
CWFJ,1136
CWFM,23
CWFQ,152
CWFR,846
CWGB,5
CWGD,214
CWGH,82
CWGJ,559
CWGL,221
CWGM,1296
CWGN,251
CWGP,204
CWGQ,269
CWGR,60
CWGT,5
CWGU,120
CWGW,1137
CWGX,145
CWGY,707
CWGZ,45
CWHA,747
CWHC,2
CWHH,256
CWHI,907
CWHL,5
CWHM,192
CWHN,636
CWHO,8
CWHP,4
CWHQ,55
CWHT,599
CWHV,229
CWHY,851
CWIA,103
CWIC,58
CWID,161
CWIE,478
CWIF,21
CWIG,18
CWII,220
CWIJ,500
CWIK,602
CWIL,36
CWIM,538
CWIO,15
CWIP,25
CWIQ,702
CWIS,719
CWIT,52
CWIU,103
CWIW,526
CWIX,113
CWIY,241
CWIZ,45
CWJB,91
CWJC,357
CWJD,223
CWJG,10
CWJH,344
CWJI,724
CWJM,125
CWJN,1
CWJO,133
CWJR,646
CWJT,239
CWJU,41
CWJV,556
CWJW,1020
CWJX,672
CWKD,497
CWKG,165
CWKH,366
CWKK,260
CWKM,13
CWKO,917
CWKP,330
CWKS,937
CWKV,674
CWKW,551
CWKX,793
CWLA,41
CWLB,567
CWLC,27
CWLE,665
CWLF,242
CWLI,102
CWLM,70
CWLO,373
CWLP,17
CWLS,415
CWLT,63
CWLU,20
CWLX,162
CWLY,229
CWLZ,503
CWMD,12
CWME,32
CWMI,3
CWMJ,200
CWMK,1
CWMM,5
CWMN,63
CWMQ,767
CWMR,8
CWMS,26
CWMT,271
CWMW,170
CWMZ,191
CWNB,195
CWNC,78
CWND,12
CWNE,15
CWNH,148
CWNJ,12
CWNK,268
CWNL,183
CWNM,535
CWNP,524
CWNQ,10
CWNX,715
CWNZ,256
CWOB,367
CWOC,47
CWOD,137
CWOE,935
CWOK,595
CWOS,30
CWOU,606
CWOY,560
CWPB,183
CWPC,184
CWPD,803
CWPE,1
CWPF,12
CWPH,253
CWPI,9
CWPJ,5
CWPK,442
CWPL,386
CWPO,470
CWPQ,6
CWPR,700
CWPS,175
CWPU,910
CWPX,165
CWPZ,713
CWQA,2164
CWQC,53
CWQG,168
CWQH,181
CWQK,5
CWQO,1
CWQP,79
CWQR,9
CWQS,14
CWQV,1
CWQY,318
CWRA,28
CWRC,266
CWRE,221
CWRF,325
CWRH,369
CWRJ,586
CWRK,331
CWRM,988
CWRN,8
CWRO,7
CWRT,1303
CWRU,98
CWRW,10
CWRX,41
CWRY,1050
CWRZ,16
CWSA,4
CWSD,24
CWSE,766
CWSF,29
CWSG,5
CWSI,241
CWSK,60
CWSL,351
CWSN,278
CWSO,1
CWSP,21
CWSR,584
CWSS,26
CWST,31
CWSV,683
CWSW,1138
CWSZ,253
CWTA,63
CWTB,479
CWTD,244
CWTG,5
CWTH,804
CWTI,21
CWTL,222
CWTN,6
CWTP,1
CWTQ,32
CWTT,209
CWTU,683
CWTY,6
CWUK,381
CWUM,717
CWUP,390
CWUR,40
CWUS,454
CWUW,527
CWUX,135
CWVA,27
CWVB,16
CWVD,573
CWVF,1
CWVH,261
CWVI,639
CWVJ,290
CWVK,555
CWVN,785
CWVP,1271
CWVQ,39
CWVT,434
CWVU,16
CWVV,49
CWVW,18
CWVY,108
CWVZ,12
CWWA,178
CWWB,76
CWWE,9
CWWF,589
CWWK,15
CWWL,17
CWWQ,837
CWWS,223
CWWU,13
CWWX,181
CWWZ,79
CWXA,1298
CWXC,300
CWXH,568
CWXI,6
CWXL,817
CWXM,19
CWXO,44
CWXR,69
CWXU,600
CWYH,220
CWYJ,39
CWYK,834
CWYL,1615
CWYM,583
CWYY,283
CWZA,15
CWZB,40
CWZC,11
CWZD,5
CWZG,1397
CWZK,8
CWZL,17
CWZM,15
CWZN,64
CWZO,1
CWZQ,17
CWZR,543
CWZS,166
CWZV,92
CWZW,705
CWZZ,483
CXAF,664
CXAG,625
CXAJ,574
CXAK,795
CXAM,583
CXAR,10
CXAT,19
CXBA,687
CXBI,289
CXBK,580
CXBL,51
CXBO,100
CXBP,54
CXBQ,262
CXBR,1073
CXBU,777
CXBW,824
CXCA,228
CXCD,630
CXCH,44
CXCK,540
CXCM,19
CXCP,1006
CXCS,772
CXCY,190
CXDB,1310
CXDE,213
CXDI,232
CXDK,283
CXDP,614
CXDR,413
CXDW,341
CXEA,355
CXEC,671
CXEG,715
CXET,251
CXFA,5
CXFB,34
CXFM,881
CXFR,655
CXFS,169
CXFT,122
CXFV,289
CXFW,547
CXGH,217
CXGM,78
CXHA,191
CXHD,688
CXHF,190
CXHI,30
CXHM,107
CXHP,602
CXHR,971
CXIB,8
CXJM,227
CXKA,218
CXKE,99
CXKI,324
CXKM,675
CXKT,49
CXLA,1
CXLB,4
CXLC,373
CXLL,183
CXLT,162
CXLU,179
CXMB,1
CXMD,301
CXME,1
CXMG,457
CXMH,717
CXMI,15
CXMM,369
CXMN,947
CXMO,836
CXMP,46
CXMY,40
CXNC,1
CXND,1362
CXNI,1
CXNM,439
CXNP,20
CXOA,79
CXOL,1046
CXOX,379
CXOY,767
CXPA,621
CXPC,176
CXPG,1101
CXPL,750
CXPS,766
CXPV,213
CXQA,530
CXQH,690
CXQT,183
CXRB,30
CXRG,205
CXRH,68
CXRL,585
CXSC,800
CXSE,11
CXSH,110
CXSI,1
CXSL,680
CXSP,649
CXSR,1015
CXSS,1681
CXSW,114
CXTD,68
CXTH,678
CXTI,1
CXTL,875
CXTN,552
CXTO,113
CXTP,107
CXTV,85
CXUX,8
CXVM,623
CXVN,79
CXVW,698
CXWB,18
CXWI,251
CXWM,944
CXWN,230
CXWR,33
CXXX,339
CXYH,204
CXZC,9
CXZU,785
CXZV,52
CYAB,22
CYAD,233
CYAH,306
CYAM,192
CYAS,117
CYAW,51
CYAY,28
CYAZ,24
CYBB,15
CYBC,22
CYBD,35
CYBG,159
CYBK,18
CYBL,106
CYBN,223
CYBQ,262
CYBR,409
CYBU,374
CYBV,222
CYBW,1200
CYBX,35
CYCA,12
CYCB,27
CYCD,30
CYCG,495
CYCH,31
CYCL,38
CYCO,22
CYCP,683
CYCQ,609
CYCS,11
CYCX,51
CYCY,26
CYDA,369
CYDB,801
CYDC,700
CYDF,22
CYDL,816
CYDN,305
CYDP,7
CYDQ,655
CYDR,615
CYED,688
CYEG,723
CYEK,10
CYEL,329
CYEN,581
CYER,16
CYET,925
CYEU,78
CYEV,68
CYFB,34
CYFC,20
CYFO,304
CYFR,164
CYFS,169
CYFT,71
CYGE,785
CYGH,66
CYGK,93
CYGL,195
CYGM,230
CYGP,33
CYGQ,351
CYGR,10
CYGT,51
CYGV,33
CYGW,12
CYGX,145
CYHA,30
CYHB,358
CYHD,413
CYHE,39
CYHH,244
CYHI,36
CYHK,46
CYHM,238
CYHU,27
CYHY,166
CYHZ,145
CYID,152
CYIK,42
CYIN,1128
CYIO,57
CYIV,237
CYJF,215
CYJT,26
CYKA,346
CYKD,7
CYKF,317
CYKG,151
CYKJ,509
CYKL,521
CYKO,9
CYKQ,23
CYKY,694
CYKZ,198
CYLA,35
CYLC,53
CYLD,447
CYLF,242
CYLH,254
CYLJ,480
CYLK,179
CYLL,669
CYLT,31
CYLU,60
CYLW,430
CYMA,504
CYMD,12
CYMH,11
CYMJ,577
CYML,298
CYMM,369
CYMO,10
CYMT,387
CYMU,71
CYMX,82
CYNA,11
CYNC,14
CYND,64
CYNE,223
CYNM,281
CYOA,469
CYOC,251
CYOD,544
CYOJ,338
CYOO,139
CYOW,114
CYOY,168
CYPA,428
CYPC,6
CYPD,114
CYPE,571
CYPG,269
CYPH,25
CYPL,373
CYPQ,191
CYPR,34
CYPS,204
CYPW,130
CYPX,23
CYPY,232
CYQA,282
CYQB,73
CYQC,139
CYQD,271
CYQF,905
CYQG,190
CYQH,690
CYQI,43
CYQK,411
CYQL,929
CYQM,71
CYQQ,24
CYQR,577
CYQT,199
CYQU,669
CYQV,498
CYQW,548
CYQX,151
CYQY,62
CYQZ,545
CYRA,213
CYRB,67
CYRJ,179
CYRL,383
CYRT,32
CYRV,443
CYSA,4
CYSB,348
CYSC,241
CYSD,770
CYSE,52
CYSF,250
CYSJ,109
CYSK,26
CYSL,241
CYSM,203
CYSN,98
CYSP,315
CYSR,649
CYSU,24
CYSY,86
CYTA,435
CYTE,47
CYTH,218
CYTJ,287
CYTL,224
CYTN,97
CYTQ,31
CYTR,86
CYTS,295
CYTZ,77
CYUA,38
CYUB,5
CYUJ,16
CYUL,36
CYUS,42
CYUT,24
CYUX,8
CYUY,301
CYVC,379
CYVM,6
CYVO,337
CYVP,60
CYVQ,74
CYVR,2
CYVT,434
CYVV,222
CYWA,130
CYWE,371
CYWG,239
CYWH,10
CYWJ,176
CYWK,551
CYWL,940
CYWO,494
CYWY,150
CYXC,939
CYXD,671
CYXE,504
CYXH,716
CYXJ,695
CYXL,390
CYXN,20
CYXP,23
CYXQ,649
CYXR,243
CYXS,691
CYXT,217
CYXU,278
CYXX,58
CYXY,703
CYXZ,287
CYYB,371
CYYC,1084
CYYD,523
CYYE,382
CYYF,344
CYYG,54
CYYH,28
CYYJ,19
CYYL,357
CYYN,818
CYYQ,29
CYYR,49
CYYT,140
CYYU,227
CYYY,52
CYYZ,173
CYZE,193
CYZF,206
CYZG,226
CYZH,581
CYZP,6
CYZR,181
CYZS,64
CYZT,22
CYZU,785
CYZV,55
CYZW,705
CYZX,28
CYZY,690
CZBF,59
CZCP,93
CZCR,38
CZDB,38
CZED,766
CZEL,376
CZEM,7
CZEV,103
CZFA,717
CZFD,131
CZFM,43
CZFN,98
CZFS,168
CZGJ,520
CZHK,42
CZHY,164
CZKA,345
CZKD,183
CZLT,65
CZMD,278
CZMJ,577
CZMT,8
CZMU,683
CZOL,665
CZPC,1190
CZPS,965
CZRP,12
CZSJ,290
CZSM,203
CZSP,30
CZST,7
CZTB,199
CZUG,248
CZUM,440
CZVE,1
CZVL,686
CZXR,243
CZZJ,927
DAAD,461
DAAE,2
DAAF,309
DAAG,25
DAAJ,968
DAAP,558
DAAS,1038
DAAT,1377
DAAV,11
DAAW,387
DAAY,1149
DABB,4
DABC,694
DABP,7
DABS,813
DABT,1052
DAEF,472
DAEN,252
DAFH,774
DAFI,1144
DAOB,989
DAOF,431
DAOI,143
DAOL,112
DAOM,492
DAON,247
DAOO,90
DAOR,773
DAOV,514
DATG,399
DATM,396
DAUA,263
DAUB,87
DAUE,397
DAUG,450
DAUH,142
DAUI,269
DAUK,85
DAUL,765
DAUO,63
DAUT,312
DAUU,141
DAUZ,562
DBBB,9
DBBC,167
DBBK,292
DBBN,461
DBBP,393
DBBS,200
DFCC,336
DFCO,271
DFCP,322
DFEE,277
DFEF,309
DFFD,306
DFOD,300
DFOG,335
DFOO,460
DGAA,69
DGAD,7
DGAH,158
DGAK,19
DGAS,47
DGAT,18
DGKA,140
DGKK,167
DGLB,301
DGLE,173
DGLN,203
DGLW,323
DGLY,197
DGSB,172
DGSI,293
DGSN,312
DGSW,340
DGTK,9
DGTX,40
DIAD,39
DIAP,8
DIBK,376
DIBU,370
DIDK,92
DIDL,277
DIFK,323
DIGA,210
DIKO,381
DIMN,340
DIOD,421
DISP,30
DISS,66
DITB,21
DIYO,213
DNAA,344
DNAK,336
DNBE,79
DNBI,143
DNCA,63
DNEN,137
DNGU,469
DNIB,228
DNIL,305
DNIM,114
DNJO,1285
DNKA,642
DNKN,481
DNMA,354
DNMK,97
DNMM,38
DNMN,254
DNOS,304
DNPO,18
DNSO,302
DNYO,174
DNZA,664
DRRB,273
DRRG,203
DRRI,357
DRRL,210
DRRM,373
DRRN,227
DRRT,391
DRZA,502
DRZF,305
DRZG,460
DRZM,337
DRZR,453
DTKA,21
DTMB,2
DTNH,2
DTNZ,21
DTTA,4
DTTB,3
DTTD,301
DTTF,314
DTTG,5
DTTJ,4
DTTK,68
DTTL,30
DTTM,3
DTTN,144
DTTR,259
DTTX,23
DTTZ,93
DXAK,402
DXDP,280
DXMG,146
DXNG,343
DXSK,387
DXTA,44
DXXX,25
EBAW,14
EBBE,127
EBBL,64
EBBR,58
EBBT,23
EBBX,461
EBCI,192
EBCV,63
EBDT,54
EBFN,9
EBFS,299
EBGB,21
EBGT,13
EBHN,3
EBKH,40
EBKT,20
EBLB,570
EBLG,178
EBLH,178
EBMB,55
EBMT,60
EBOS,5
EBSH,588
EBSP,482
EBST,75
EBSU,557
EBSZ,37
EBTN,81
EBTY,49
EBWE,60
EBWM,58
EBZH,43
EBZW,63
EDAC,195
EDAD,57
EDAH,28
EDAR,400
EDAS,321
EDBB,49
EDBC,181
EDBM,82
EDBT,284
EDCK,31
EDCP,4
EDDB,48
EDDC,226
EDDE,323
EDDF,113
EDDG,52
EDDH,16
EDDI,49
EDDK,99
EDDL,44
EDDM,447
EDDN,312
EDDP,149
EDDR,320
EDDS,419
EDDT,37
EDDV,54
EDDW,5
EDEF,131
EDEK,426
EDFE,118
EDFH,498
EDFM,100
EDGS,602
EDHF,26
EDHI,13
EDHK,31
EDHL,16
EDIA,152
EDIC,415
EDIG,386
EDIH,442
EDIK,325
EDJA,633
EDLE,161
EDLG,52
EDLN,38
EDLP,213
EDLV,32
EDLW,127
EDMA,463
EDMO,600
EDNN,135
EDNY,424
EDOP,51
EDPH,794
EDPN,191
EDQD,498
EDQM,568
EDRZ,344
EDSB,124
EDTD,680
EDTL,156
EDTY,400
EDTZ,447
EDVE,88
EDVK,285
EDVV,54
EDWD,30
EDWE,5
EDXW,20
EDZB,70
EDZE,161
EDZH,419
EDZJ,377
EEKA,4
EEKE,4
EEPU,14
EETN,40
EETU,67
EFET,306
EFHA,145
EFHF,28
EFHK,56
EFHL,6
EFHT,161
EFIL,92
EFIV,148
EFJO,117
EFJY,145
EFKA,44
EFKE,15
EFKI,136
EFKK,25
EFKS,263
EFKT,643
EFKU,102
EFLP,106
EFMA,6
EFMI,138
EFOU,15
EFPE,84
EFPO,17
EFPU,117
EFRO,201
EFSA,95
EFSI,91
EFSO,179
EFSU,224
EFTP,112
EFTU,59
EFUT,100
EFVA,4
EFVI,132
EFVR,87
EFYL,77
EGAA,81
EGAC,5
EGAE,9
EGBB,99
EGBE,82
EGBJ,29
EGBP,133
EGCC,78
EGCG,14
EGCN,17
EGDB,27
EGDC,8
EGDG,119
EGDK,133
EGDL,156
EGDM,124
EGDN,139
EGDP,3
EGDR,82
EGDX,50
EGDY,23
EGEC,13
EGEO,6
EGFF,67
EGFH,90
EGGD,189
EGGP,26
EGGW,160
EGHD,25
EGHE,31
EGHH,11
EGHI,14
EGHK,4
EGHN,18
EGHQ,119
EGJA,71
EGJB,102
EGJJ,84
EGKA,2
EGKB,183
EGKK,62
EGKM,104
EGLC,5
EGLF,65
EGLL,24
EGMC,15
EGMD,3
EGMH,55
EGNC,26
EGNH,10
EGNJ,31
EGNL,15
EGNM,208
EGNO,17
EGNR,10
EGNS,17
EGNT,81
EGNV,37
EGNX,94
EGOD,9
EGOE,83
EGOM,325
EGOP,6
EGOS,76
EGOV,11
EGOW,12
EGOY,12
EGPA,21
EGPB,5
EGPC,39
EGPD,65
EGPE,9
EGPF,8
EGPH,41
EGPI,18
EGPK,20
EGPL,6
EGPM,22
EGPN,4
EGPO,13
EGPT,121
EGPU,12
EGPW,285
EGQA,4
EGQB,2
EGQJ,13
EGQK,7
EGQL,12
EGQM,23
EGQS,13
EGRB,39
EGRR,27
EGSC,15
EGSD,2
EGSH,36
EGSS,106
EGSY,70
EGTC,111
EGTE,30
EGTG,69
EGTH,77
EGTI,102
EGUA,134
EGUB,63
EGUC,134
EGUD,80
EGUF,72
EGUH,75
EGUL,10
EGUM,55
EGUN,10
EGUO,13
EGUP,65
EGUS,10
EGUW,87
EGUY,41
EGVA,87
EGVG,29
EGVI,122
EGVJ,26
EGVN,88
EGVO,123
EGVP,91
EGVT,98
EGWC,83
EGWE,95
EGWU,40
EGWZ,49
EGXB,108
EGXC,7
EGXD,35
EGXE,40
EGXF,15
EGXG,9
EGXH,54
EGXI,17
EGXJ,138
EGXN,55
EGXP,61
EGXS,3
EGXT,84
EGXU,16
EGXV,6
EGXW,70
EGXX,11
EGXZ,28
EGYC,20
EGYD,67
EGYE,112
EGYH,3
EGYM,23
EGYP,74
EGYR,59
EGYW,5
EHAK,50
EHAM,9
EHBK,116
EHDB,4
EHDL,52
EHDV,50
EHEH,22
EHFD,50
EHFS,32
EHFZ,50
EHGG,4
EHGR,13
EHJA,50
EHJR,50
EHKD,14
EHKV,50
EHLE,-6
EHLW,2
EHMA,50
EHMG,50
EHPG,50
EHQE,50
EHRD,-5
EHSA,50
EHSB,13
EHSC,50
EHTW,36
EHTX,3
EHVB,2
EHVK,21
EHVL,5
EHWO,17
EHYB,1
EICK,162
EICM,25
EIDL,9
EIDW,85
EIKN,64
EIKY,34
EIME,93
EINN,20
EISG,3
EIWF,36
EKAH,25
EKAT,8
EKAV,4
EKBI,66
EKCH,5
EKEB,29
EKGC,0
EKGF,43
EKHA,0
EKHD,0
EKHN,50
EKHO,15
EKHR,50
EKHS,2
EKKA,52
EKKM,57
EKMB,5
EKOD,17
EKRK,44
EKRN,16
EKSB,23
EKSN,28
EKSP,40
EKST,6
EKSV,21
EKTE,0
EKTS,7
EKVA,74
EKVD,45
EKVG,85
EKVJ,5
EKVL,31
EKYT,3
ELLX,379
ENAL,22
ENAN,14
ENAS,8
ENAT,3
ENBJ,14
ENBL,150
ENBM,122
ENBN,9
ENBO,13
ENBR,50
ENBS,10
ENBV,13
ENCN,17
ENDI,798
ENDR,50
ENDU,79
ENEK,3
ENEV,26
ENFB,10
ENFG,822
ENFL,9
ENFR,0
ENGC,10
ENGM,204
ENHD,24
ENHE,1
ENHF,81
ENHK,10
ENHM,10
ENHO,10
ENHV,14
ENIP,2
ENJA,9
ENKA,330
ENKB,62
ENKR,91
ENLA,4
ENLI,10
ENLK,26
ENMH,13
ENML,3
ENMS,70
ENNA,8
ENNE,10
ENNK,23
ENNM,2
ENNO,19
ENOA,5
ENOL,7
ENOV,74
ENQA,20
ENQC,20
ENQR,10
ENRA,70
ENRM,14
ENRO,626
ENRS,4
ENRY,53
ENSB,29
ENSD,60
ENSE,10
ENSF,10
ENSG,497
ENSH,9
ENSK,3
ENSL,50
ENSN,14
ENSO,49
ENSR,6
ENSS,12
ENST,17
ENTC,10
ENTO,88
ENVA,17
ENVD,39
ENVH,4
ENZV,9
EPBC,107
EPBY,71
EPCE,151
EPDA,4
EPDE,120
EPGD,138
EPIR,79
EPJS,559
EPKK,237
EPKM,284
EPKO,34
EPKS,81
EPKT,284
EPLB,206
EPLK,193
EPLL,184
EPLY,115
EPMB,5
EPMI,140
EPMM,185
EPMO,104
EPOK,44
EPPO,92
EPPR,7
EPPW,113
EPRA,178
EPRZ,202
EPSC,3
EPSK,25
EPSN,118
EPSY,141
EPTM,174
EPWA,107
EPWR,121
EPZG,59
EQBA,433
EQBC,20
EQBF,1200
EQBH,900
EQBI,2252
EQBM,378
EQCB,1010
EQTK,1357
ESCF,117
ESCL,36
ESCM,41
ESDA,52
ESDB,47
ESDF,74
ESFU,166
ESGG,169
ESGJ,232
ESGL,61
ESGP,53
ESGR,105
ESGT,41
ESIB,74
ESKB,17
ESKM,193
ESKN,43
ESKV,78
ESMK,23
ESMQ,16
ESMS,106
ESMT,30
ESMV,172
ESMX,186
ESNG,310
ESNJ,264
ESNK,19
ESNL,214
ESNN,10
ESNO,103
ESNQ,452
ESNS,49
ESNU,14
ESNX,379
ESNY,36
ESNZ,370
ESOE,57
ESOK,107
ESOW,31
ESPA,34
ESPC,370
ESPD,281
ESPE,182
ESQV,47
ESSA,61
ESSB,11
ESSD,161
ESSF,112
ESSK,69
ESSL,52
ESSP,8
ESSQ,55
ESSV,47
ESTA,47
ESTL,43
ESUD,279
ESUT,463
ETAD,365
ETAR,238
ETAS,321
ETBA,191
ETBB,49
ETBS,48
ETEB,467
ETEH,103
ETEU,298
ETGB,69
ETGG,33
ETGI,377
ETGK,418
ETGM,26
ETGQ,61
ETGW,74
ETGY,43
ETGZ,920
ETHA,760
ETHB,78
ETHC,52
ETHE,49
ETHF,181
ETHI,26
ETHL,549
ETHM,191
ETHN,473
ETHR,395
ETHS,88
ETHT,67
ETIC,415
ETID,112
ETIE,109
ETIH,442
ETIK,325
ETIN,210
ETME,22
ETMK,31
ETMN,31
ETNA,45
ETND,43
ETNG,98
ETNH,17
ETNJ,21
ETNL,40
ETNN,135
ETNP,43
ETNS,25
ETNT,12
ETNU,71
ETNW,70
ETOR,94
ETOU,141
ETSA,628
ETSB,486
ETSE,467
ETSF,535
ETSH,79
ETSI,370
ETSL,562
ETSM,644
ETSN,387
ETSP,396
ETUL,31
ETUN,26
ETUO,72
ETUR,76
ETWM,21
EVLA,4
EVRA,10
EVVA,6
EYKA,77
EYPA,10
EYSA,135
EYVI,197
FAAB,21
FAAN,1351
FABB,1615
FABD,1437
FABE,594
FABL,1348
FABM,1682
FABN,800
FABR,50
FABY,842
FACH,900
FACL,1700
FACT,42
FACV,1000
FACW,150
FADA,1247
FADD,1286
FADH,1500
FADN,8
FADR,1620
FADY,384
FAEL,125
FAEO,1737
FAER,839
FAES,487
FAET,1533
FAFB,1620
FAFF,1500
FAFR,1267
FAGB,1449
FAGC,1623
FAGE,54
FAGG,193
FAGM,1672
FAGR,754
FAGT,651
FAGV,532
FAGY,1100
FAHA,1337
FAHD,40
FAHE,1576
FAHG,1560
FAHS,500
FAIR,1500
FAJB,1626
FAJF,1400
FAJS,1700
FAKD,1355
FAKM,1192
FAKN,862
FAKP,152
FAKS,1350
FAKZ,80
FALA,1377
FALC,1494
FALE,109
FALI,1486
FALM,935
FALO,922
FALT,1486
FALW,0
FALY,1100
FAMB,1300
FAME,22
FAMG,151
FAMK,1400
FAMM,1277
FAMO,59
FAMP,985
FAMR,1927
FAMT,1500
FANC,1251
FANH,750
FANL,1700
FANS,674
FAOA,1100
FAOB,75
FAOH,359
FAOR,1700
FAPB,1222
FAPC,900
FAPE,60
FAPG,139
FAPH,400
FAPI,1327
FAPJ,47
FAPM,739
FAPN,1039
FAPP,1242
FAPR,1322
FAPS,1400
FAQT,1086
FARB,0
FARP,2
FARU,1100
FASB,990
FASI,1628
FASK,1457
FASS,1173
FATC,23
FATM,1327
FATZ,583
FAUL,525
FAUP,836
FAUT,752
FAVB,1195
FAVG,6
FAVR,34
FAVV,1483
FAVW,1256
FAVY,1158
FAWB,1248
FAWE,1700
FAWH,1700
FAWI,1553
FAWK,1500
FAWM,1341
FAWW,1725
FAYP,16
FAZA,1300
FBFT,1000
FBGZ,1100
FBJW,1200
FBKE,1000
FBLT,985
FBMN,900
FBMP,1009
FBOR,945
FBPA,1064
FBSK,1005
FBSN,904
FBSP,892
FBSW,1000
FBTE,1100
FBTS,1000
FCBB,316
FCBD,790
FCBM,512
FCBO,312
FCBS,531
FCOG,377
FCOI,326
FCOM,379
FCOS,550
FCOU,352
FCPA,161
FCPL,330
FCPP,17
FDBB,94
FDJR,701
FDLM,570
FDLV,315
FDMS,641
FDMY,480
FDND,207
FDNH,1074
FDNY,320
FDOT,341
FDPP,1099
FDST,667
FDVV,276
FEFA,449
FEFB,651
FEFF,366
FEFG,500
FEFI,464
FEFL,674
FEFM,475
FEFN,511
FEFO,1020
FEFR,584
FEFS,465
FEFT,583
FEFV,366
FEFY,602
FGBT,8
FGSL,56
FHAW,79
FIMP,57
FIMR,31
FJDG,3
FKAB,1110
FKAF,500
FKAG,693
FKAL,624
FKAM,1027
FKAN,821
FKAO,804
FKAY,1031
FKKA,422
FKKB,16
FKKC,52
FKKD,9
FKKE,227
FKKF,126
FKKH,389
FKKI,656
FKKJ,326
FKKL,424
FKKM,1210
FKKN,1104
FKKO,670
FKKR,244
FKKS,1408
FKKT,870
FKKV,1239
FKKW,628
FKKY,751
FKYS,760
FLBA,1673
FLCH,1278
FLCP,1032
FLHN,986
FLIK,1360
FLKB,1324
FLKK,1154
FLKO,1213
FLKS,1384
FLKW,1207
FLLC,1280
FLLD,1143
FLLI,986
FLLS,1154
FLMA,1259
FLMF,561
FLMG,1053
FLMP,1402
FLMW,1363
FLND,1270
FLPA,1234
FLPE,1036
FLPO,1075
FLSE,1384
FLSK,1261
FLSN,1027
FLSS,951
FLSW,1386
FLYA,1171
FLZB,1078
FMCH,29
FMCN,6
FMCV,12
FMCZ,7
FMEE,25
FMEP,53
FMME,1532
FMMH,5
FMMI,1276
FMMO,23
FMMS,3
FMMT,6
FMMV,8
FMNA,105
FMND,474
FMNH,88
FMNL,57
FMNM,18
FMNN,9
FMNQ,36
FMNS,5
FMNV,5
FMSD,9
FMSF,1109
FMSG,6
FMSM,6
FMSO,824
FMSR,4
FMST,8
FNBG,36
FNCA,20
FNHU,1701
FNKU,1699
FNLB,3
FNLU,70
FNMA,1142
FNME,1343
FNPA,5
FNSA,1093
FNWK,1304
FNZE,17
FOGM,89
FOGR,26
FOOB,599
FOOC,13
FOOD,573
FOOE,501
FOOG,4
FOOK,515
FOOL,15
FOOM,583
FOON,441
FOOR,485
FOOT,79
FOOY,34
FPPR,5
FPST,13
FQAG,62
FQBR,16
FQCB,607
FQCH,732
FQFU,1262
FQIN,15
FQLC,1365
FQLU,11
FQMA,44
FQMP,29
FQMR,838
FQMU,89
FQNP,441
FQPB,50
FQQL,16
FQSG,882
FQTE,150
FQTT,160
FQUG,1311
FQVL,21
FQXA,5
FSIA,3
FSSS,4
FTTA,365
FTTB,328
FTTC,549
FTTD,422
FTTH,356
FTTI,334
FTTJ,295
FTTK,301
FTTL,292
FTTM,428
FTTN,436
FTTP,455
FTTR,809
FTTY,234
FTTZ,1074
FVBB,457
FVBI,617
FVBU,1326
FVCH,1132
FVCZ,430
FVFA,1062
FVGO,1282
FVGR,1019
FVHA,1503
FVKA,1344
FVKB,518
FVMT,1244
FVMV,1095
FVRU,1430
FVTL,1429
FVWN,1077
FWCL,767
FWCT,1278
FWDZ,1632
FWKA,529
FWKI,1229
FWKK,500
FWLI,1230
FWLL,1067
FWMG,485
FWMY,474
FWMZ,1351
FWSM,513
FWUU,1253
FXMM,1631
FXMU,1556
FYAB,986
FYAN,1189
FYAS,1480
FYBG,1011
FYEN,1116
FYGB,1442
FYGF,1400
FYGN,1400
FYGO,400
FYHN,3
FYKB,1017
FYKM,958
FYKT,1061
FYKX,1026
FYLZ,130
FYMH,1375
FYML,1113
FYND,150
FYOA,1095
FYOH,1097
FYOJ,1321
FYOK,1360
FYOM,1217
FYOO,1192
FYOS,1097
FYOT,1200
FYOW,1481
FYRH,1380
FYRK,88
FYRU,1100
FYTE,5
FYTK,1152
FYTM,1327
FYTN,443
FYWB,46
FYWE,1700
FYWH,1700
FYWW,1725
FZAA,312
FZAG,27
FZAI,120
FZAM,340
FZAN,277
FZBA,300
FZBO,324
FZCA,449
FZCF,1060
FZCS,563
FZEA,317
FZEN,353
FZFK,446
FZGA,463
FZGN,351
FZIA,396
FZJA,764
FZKA,1239
FZKO,650
FZKP,474
FZMA,1612
FZMB,1840
FZNA,1552
FZNC,1275
FZOA,497
FZOD,569
FZOK,544
FZQA,1309
FZQM,1526
FZQV,1579
FZRA,633
FZRB,1132
FZRF,818
FZRQ,561
FZSA,1106
FZSD,921
FZSI,1028
FZSK,882
FZTK,845
FZUA,657
FZUK,481
FZVA,500
FZVE,437
FZVS,420
FZWA,677
FZWT,890
GABG,351
GABS,381
GACA,0
GAGO,260
GAHB,288
GAKA,132
GAKL,459
GAKO,367
GAKT,334
GAKY,47
GAMB,272
GAMK,278
GANK,265
GANR,237
GASG,289
GASK,375
GASN,284
GATB,264
GATS,491
GAYE,99
GBYD,36
GCFV,23
GCGM,219
GCHI,30
GCLA,31
GCLP,25
GCRR,40
GCTS,72
GCXO,632
GEML,55
GFBN,8
GFBO,93
GFKB,464
GFLL,27
GGBF,43
GGBO,20
GGOV,36
GLMR,12
GLRB,18
GMAA,23
GMAD,74
GMAG,333
GMAT,200
GMAZ,729
GMFF,579
GMFI,1665
GMFK,1045
GMFM,549
GMFN,16
GMFO,470
GMFZ,510
GMMC,62
GMME,75
GMMF,66
GMMH,11
GMMI,8
GMML,6
GMMN,206
GMMS,45
GMMT,96
GMMW,175
GMMX,466
GMMY,14
GMMZ,1140
GMSL,52
GMTA,14
GMTN,10
GMTT,21
GOGG,23
GOGK,10
GOGS,13
GOOD,9
GOOG,21
GOOK,7
GOOY,24
GOSM,17
GOSP,7
GOSS,4
GOTK,167
GOTS,52
GOTT,50
GQNA,223
GQNB,75
GQND,402
GQNF,115
GQNI,269
GQNJ,120
GQNK,18
GQNN,3
GQNR,6
GQPA,224
GQPP,3
GQPT,360
GSAI,63
GSVO,10
GUCY,26
GUFH,459
GUID,459
GUKU,525
GULB,1026
GUMA,544
GUNZ,470
GUOK,69
GUSI,366
GUXD,384
GVAC,55
GVBA,22
GVFM,70
GVNP,70
GVSV,20
HAAB,2355
HAAG,626
HAAM,1219
HAAW,1052
HAAX,2134
HAAY,2325
HABC,1311
HABD,1822
HADC,1864
HADM,2476
HADR,1146
HAGH,1844
HAGN,1985
HAGO,320
HAGR,1974
HAHM,1876
HAJJ,1644
HAJM,1676
HAKD,550
HALA,1652
HAMK,2255
HAML,2274
HAMS,10
HANG,1455
HASB,14
HASO,1733
HATS,615
HBBA,783
HCMA,2
HCMD,116
HCME,36
HCMF,2
HCMG,812
HCMH,1326
HCMI,9
HCMJ,150
HCML,175
HCMM,9
HCMN,173
HCMO,10
HCMR,302
HCMS,344
HCMU,1743
HCMV,1032
HDAM,49
HEAM,1
HEAR,32
HEAT,70
HEAX,7
HEBA,54
HEBF,33
HEBL,188
HECA,74
HEGN,14
HEGS,15
HEIS,3
HELX,88
HEMA,77
HEMM,30
HEPS,6
HESC,1332
HESH,50
HESN,194
HETB,750
HETR,35
HFFF,19
HHAS,2356
HKEL,2133
HKEM,1493
HKGA,147
HKIS,1067
HKJK,1624
HKKG,1530
HKKI,1146
HKKR,2184
HKKS,1493
HKKT,1850
HKLO,515
HKLU,6
HKMA,231
HKMB,1345
HKME,1554
HKMK,680
HKML,23
HKMO,55
HKMS,1612
HKMU,1000
HKMY,1097
HKNA,1624
HKNC,1798
HKNI,1759
HKNK,1901
HKNO,1890
HKNW,1679
HKNY,1905
HKRE,1627
HKRO,66
HKVO,579
HKWJ,244
HLGD,81
HLGT,692
HLKF,435
HLLB,132
HLLM,11
HLLQ,657
HLLS,435
HLLT,81
HLON,280
HLTD,357
HRYG,1554
HRYI,1768
HRYR,1497
HRYU,1860
HRZA,1591
HSAK,402
HSAT,345
HSAW,414
HSBR,420
HSDN,226
HSDZ,470
HSFS,730
HSGF,599
HSGN,805
HSKA,500
HSKI,381
HSLI,499
HSMD,749
HSMK,418
HSNA,399
HSND,360
HSNL,658
HSNR,418
HSOB,574
HSPI,510
HSPN,138
HSRJ,545
HSRN,282
HSSJ,457
HSSM,388
HSSP,2
HSSS,380
HSSW,183
HSTR,624
HSYA,649
HSZA,900
HTAR,1387
HTBU,1137
HTDA,55
HTDO,1120
HTIR,1428
HTKA,885
HTKI,18
HTKJ,896
HTMB,1707
HTMG,526
HTMO,511
HTMS,831
HTMT,113
HTMU,1147
HTMW,1140
HTNA,465
HTPE,25
HTSE,872
HTSO,1067
HTSU,1804
HTSY,1100
HTTB,1190
HTTG,35
HTZA,15
HUAR,1211
HUEN,1155
HUFP,1533
HUGU,1105
HUJI,1173
HUKB,1869
HUKS,961
HULI,1091
HUMA,1413
HUMI,1147
HUMO,1280
HUSO,1123
HUTO,1171
ICAO,ELEV
ICAO,ELEV
ICAO,ELEV
ICAO,ELEV
ICAO,ELEV
ICAO,ELEV
ICAO,ELEV
ICAO,ELEV
ICAO,ELEV
ICAO,ELEV
ICAO,ELEV
ICAO,ELEV
ICAO,ELEV
ICAO,ELEV
ICAO,ELEV
ICAO,ELEV
ICAO,ELEV
ICAO,ELEV
ICAO,ELEV
ICAO,ELEV
ICAO,ELEV
ICAO,ELEV
ICAO,ELEV
ICAO,ELEV
ICAO,ELEV
ICAO,ELEV
ICAO,ELEV
ICAO,ELEV
ICAO,ELEV
ICAO,ELEV
ICAO,ELEV
ICAO,ELEV
ICAO,ELEV
ICAO,ELEV
ICAO,ELEV
ICAO,ELEV
ICAO,ELEV
ICAO,ELEV
ICAO,ELEV
ICAO,ELEV
ICAO,ELEV
ICAO,ELEV
ICAO,ELEV
ICAO,ELEV
ICAO,ELEV
ICAO,ELEV
ICAO,ELEV
ICAO,ELEV
ICAO,ELEV
ICAO,ELEV
ICAO,ELEV
ICAO,ELEV
ICAO,ELEV
ICAO,ELEV
ICAO,ELEV
ICAO,ELEV
ICAO,ELEV
ICAO,ELEV
ICAO,ELEV
ICAO,ELEV
ICAO,ELEV
ICAO,ELEV
ICAO,ELEV
ICAO,ELEV
K01M,176
K01R,67
K01T,30
K03Y,250
K04V,2385
K04W,311
K05F,276
K05U,1816
K06D,556
K06U,1589
K07G,272
K07S,668
K08D,684
K09G,280
K0A8,77
K0A9,486
K0CO,3807
K0D1,203
K0D8,629
K0E0,1890
K0E4,1498
K0F2,336
K0J4,96
K0R3,5
K0V1,1725
K0VG,430
K0Y7,346
K11J,65
K11R,94
K12C,238
K12N,177
K13A,1198
K13K,369
K14Y,406
K17N,49
K17W,415
K17Y,374
K19A,290
K19D,309
K1A5,616
K1A6,352
K1B1,60
K1B6,35
K1B7,1
K1B8,482
K1D1,341
K1D3,493
K1D7,566
K1F0,257
K1F9,260
K1G2,319
K1G7,18
K1H2,179
K1II,214
K1J0,26
K1K5,1102
K1M4,284
K1M5,250
K1N7,113
K1O5,771
K1P1,154
K1R7,149
K1S3,832
K1S4,14
K1V4,210
K1V6,1658
K1Y7,231
K1YT,438
K20U,840
K20V,2259
K21D,285
K22G,241
K25R,24
K25T,10
K26N,2
K27A,184
K27D,363
K27U,1210
K28K,1
K28T,5
K29D,418
K29G,365
K29J,202
K2B2,6
K2B4,52
K2B6,199
K2B7,107
K2C2,1244
K2C8,272
K2D5,407
K2DP,3
K2F1,1000
K2F8,51
K2G4,894
K2G5,180
K2G6,428
K2GL,3
K2I0,134
K2I4,290
K2I5,225
K2I8,268
K2J9,69
K2K3,1013
K2M2,286
K2M8,75
K2P3,360
K2PJ,68
K2R8,2
K2SL,121
K2V5,1118
K2V9,2349
K2W6,44
K2WX,915
K31F,1010
K33V,2484
K36U,1718
K37C,30
K37W,60
K39N,39
K3A1,294
K3A6,427
K3B1,427
K3B2,4
K3B6,1
K3CL,9
K3DU,1202
K3FM,236
K3FU,478
K3HE,293
K3HT,1268
K3I2,196
K3J7,206
K3K3,1013
K3K7,1007
K3KM,433
K3LC,182
K3LF,210
K3M3,262
K3MW,3241
K3N6,27
K3OI,342
K3R1,14
K3R5,195
K3R7,7
K3RN,353
K3S2,60
K3SE,404
K3SM,245
K3SQ,135
K3T1,132
K3T5,99
K3TH,725
K3V8,80
K3WO,248
K40B,314
K40G,1830
K40J,13
K40N,201
K41I,31
K42J,60
K42V,953
K43F,347
K43M,275
K44W,5
K45J,109
K46D,490
K47A,372
K47B,24
K47N,26
K48I,397
K49B,989
K49J,6
K4A6,198
K4A9,267
K4BK,24
K4BL,1840
K4BM,3438
K4BQ,922
K4C0,1
K4CO,1
K4CR,1981
K4DG,1477
K4F4,127
K4FC,2609
K4G6,372
K4HV,1314
K4I3,363
K4LJ,1103
K4LW,1455
K4M9,90
K4MR,1326
K4MY,1890
K4N1,241
K4O4,144
K4R4,28
K4R9,2
K4S1,5
K4SL,2106
K4SU,962
K4V0,1608
K4V5,2012
K4X4,471
K53Q,49
K54J,88
K54Y,281
K55D,353
K56N,5
K5B0,76
K5B2,132
K5B3,91
K5B5,244
K5C1,423
K5D3,224
K5D8,287
K5G9,204
K5H4,490
K5I3,446
K5J0,1127
K5M9,199
K5R0,26
K5R3,376
K5R5,31
K5R8,24
K5SM,3232
K5T5,209
K5T6,1253
K5W8,188
K60S,8
K60Y,495
K62H,148
K63S,571
K65S,713
K6A1,203
K6A2,292
K6A3,518
K6B0,149
K6B1,100
K6B8,363
K6E5,527
K6K5,966
K6R0,8
K6R3,46
K6R6,701
K6R9,336
K6S2,16
K6S5,1110
K6S8,1072
K6T5,2
K6V3,809
K6V4,857
K6V5,851
K72C,1280
K75S,43
K76S,59
K77M,1375
K78D,214
K78N,211
K79J,94
K7B2,192
K7B5,1
K7BM,2995
K7D2,222
K7F6,134
K7F9,423
K7G2,276
K7L2,543
K7LI,1829
K7R1,3
K7R2,1
K7R3,2
K7R4,5
K7R5,1
K7R8,1
K7S1,1456
K7TB,585
K7W2,1
K81V,1301
K82V,1570
K84D,746
K85D,411
K87D,398
K87Q,27
K88M,814
K8A0,315
K8A3,419
K8B0,554
K8B2,678
K8B3,345
K8B5,178
K8D3,354
K8D7,547
K8K2,445
K8S0,1419
K8V3,432
K8Y2,295
K8Y8,350
K90J,33
K92Q,3
K92S,57
K96D,290
K97M,1068
K98D,571
K99M,280
K9A1,247
K9A4,179
K9B4,363
K9B6,150
K9B9,21
K9BB,1723
K9D1,663
K9D7,452
K9F2,2
K9K4,244
K9K7,492
K9K8,490
K9L2,701
K9MN,355
K9S2,742
K9V6,1004
K9V9,519
K9W7,5
KAAA,182
KAAF,5
KAAO,434
KAAT,1331
KABE,114
KABH,1840
KABI,548
KABQ,1618
KABR,397
KABX,1789
KABY,58
KACB,190
KACJ,143
KACK,16
KACP,33
KACQ,343
KACT,151
KACV,67
KACY,23
KACZ,30
KADC,418
KADF,56
KADG,241
KADH,308
KADM,232
KADR,453
KADS,196
KADU,392
KADW,86
KAEG,1779
KAEJ,2422
KAEL,383
KAEX,27
KAFF,2003
KAFJ,361
KAFK,354
KAFN,313
KAFO,1897
KAFP,92
KAFW,233
KAGC,389
KAGR,20
KAGS,44
KAGZ,451
KAHN,244
KAHQ,374
KAIA,1196
KAIB,1811
KAID,280
KAIG,464
KAIK,161
KAIO,360
KAIR,430
KAIT,367
KAIZ,265
KAJG,131
KAJL,3161
KAJO,163
KAJZ,1583
KAKH,243
KAKO,1421
KAKQ,34
KAKR,363
KAL8,734
KALB,92
KALI,53
KALK,1453
KALM,1279
KALN,166
KALO,264
KALR,248
KALS,2299
KALW,363
KALX,209
KALY,88
KAMA,1093
KAMG,59
KAMN,230
KAMW,279
KAMX,4
KANB,183
KAND,239
KANE,278
KANJ,218
KANK,2293
KANQ,303
KANW,789
KAOH,296
KAOO,455
KAPA,1775
KAPC,13
KAPE,453
KAPF,3
KAPG,18
KAPN,210
KAPV,934
KAPX,446
KAPY,129
KAQO,336
KAQP,311
KAQQ,5
KAQR,189
KAQV,111
KAQW,199
KARA,18
KARB,251
KARG,83
KARL,2179
KARM,31
KARR,215
KART,100
KARV,496
KARW,4
KARX,389
KASD,9
KASE,2354
KASG,412
KASH,61
KASJ,21
KASL,109
KASN,162
KASP,193
KAST,3
KASW,259
KASX,251
KATL,296
KATP,62
KATR,312
KATS,1081
KATT,201
KATW,280
KATX,151
KATY,532
KAUB,198
KAUD,2
KAUG,109
KAUH,550
KAUM,375
KAUN,467
KAUO,236
KAUS,166
KAUW,362
KAVC,135
KAVK,449
KAVL,670
KAVP,291
KAVX,482
KAWG,230
KAWH,1902
KAWM,65
KAWN,198
KAWO,42
KAXA,372
KAXC,207
KAXH,21
KAXN,433
KAXO,2
KAXS,437
KAXV,279
KAXX,2548
KAYE,82
KAYS,46
KAZC,1486
KAZE,78
KAZO,272
KB20,138
KB21,270
KB23,1381
KBAB,34
KBAC,684
KBAD,51
KBAE,206
KBAF,83
KBAK,200
KBAM,1381
KBAN,2057
KBAT,1042
KBAX,234
KBAZ,195
KBBB,317
KBBD,557
KBBF,36
KBBG,397
KBBP,45
KBBW,776
KBBX,53
KBCB,650
KBCE,2312
KBCK,255
KBCT,4
KBDE,329
KBDF,247
KBDG,1789
KBDH,247
KBDL,60
KBDN,1055
KBDR,7
KBDU,1612
KBEA,82
KBED,50
KBEH,191
KBEL,971
KBFD,647
KBFF,1203
KBFI,4
KBFL,151
KBFM,20
KBFU,1422
KBFW,331
KBGD,927
KBGE,43
KBGF,299
KBGM,490
KBGR,57
KBGS,781
KBHB,26
KBHK,902
KBHM,197
KBHX,732
KBID,33
KBIE,403
KBIF,1203
KBIH,1253
KBIJ,65
KBIL,1091
KBIS,505
KBIT,2160
KBIV,208
KBIX,10
KBJC,1724
KBJI,420
KBJJ,343
KBJN,1756
KBKB,94
KBKD,392
KBKE,1024
KBKF,1726
KBKL,184
KBKN,314
KBKS,34
KBKV,20
KBKW,764
KBKX,502
KBLF,873
KBLH,119
KBLI,50
KBLM,48
KBLU,1609
KBLV,138
KBLX,1097
KBMG,257
KBMI,267
KBML,345
KBMQ,389
KBMT,10
KBMX,197
KBNA,210
KBNL,75
KBNO,1264
KBNW,354
KBNY,957
KBOI,875
KBOK,140
KBOS,6
KBOU,1625
KBOW,39
KBOX,36
KBOY,2517
KBPC,845
KBPG,784
KBPI,2117
KBPK,280
KBPP,902
KBPT,5
KBQK,8
KBQP,51
KBQX,34
KBRA,564
KBRD,372
KBRL,211
KBRO,7
KBRX,1524
KBSM,172
KBTA,396
KBTL,290
KBTM,1688
KBTN,402
KBTP,380
KBTR,21
KBTV,105
KBTY,892
KBUB,664
KBUF,211
KBUM,271
KBUO,692
KBUR,217
KBUU,237
KBUY,180
KBVD,728
KBVE,1
KBVI,382
KBVL,1286
KBVN,551
KBVO,210
KBVR,2072
KBVS,43
KBVT,182
KBVU,671
KBVX,141
KBVY,28
KBWD,423
KBWG,168
KBWI,59
KBWP,295
KBXA,36
KBXK,315
KBYG,1497
KBYH,78
KBYI,1264
KBYS,716
KBYX,2
KBYY,14
KBYZ,1091
KBZA,63
KBZN,1361
KC04,279
KC09,178
KC29,283
KC35,276
KC52,237
KC56,241
KC73,240
KC75,173
KC85,299
KC96,2740
KCAC,751
KCAD,398
KCAE,70
KCAG,1887
KCAK,377
KCAO,1514
KCAR,191
KCAV,354
KCBE,236
KCBF,382
KCBG,287
KCBK,971
KCBM,67
KCBW,227
KCBX,933
KCCA,157
KCCO,296
KCCR,11
KCCU,3680
KCCX,733
KCCY,343
KCDA,363
KCDC,1714
KCDD,341
KCDH,35
KCDJ,234
KCDN,92
KCDR,1010
KCDS,594
KCDW,64
KCEC,17
KCEF,75
KCEU,268
KCEW,55
KCEY,176
KCEZ,1797
KCFD,112
KCFE,295
KCFS,214
KCFV,225
KCGC,3
KCGE,6
KCGF,268
KCGI,102
KCGS,15
KCGX,181
KCGZ,446
KCHA,210
KCHD,379
KCHE,2339
KCHH,16
KCHI,203
KCHJ,2512
KCHK,351
KCHM,1029
KCHO,192
KCHS,13
KCIC,73
KCID,264
KCIM,2183
KCIN,375
KCIR,98
KCIU,244
KCJR,97
KCKB,360
KCKC,548
KCKF,91
KCKI,21
KCKL,140
KCKM,53
KCKN,273
KCKP,374
KCKV,165
KCKZ,173
KCLE,233
KCLI,250
KCLK,492
KCLL,96
KCLM,85
KCLS,54
KCLT,220
KCLX,30
KCMA,23
KCMB,29
KCMD,294
KCME,1150
KCMH,247
KCMI,228
KCMR,2036
KCMS,1949
KCMX,326
KCMY,256
KCNB,364
KCNC,320
KCNI,372
KCNK,447
KCNM,985
KCNO,207
KCNU,297
KCNW,156
KCNY,1390
KCOD,1553
KCOE,707
KCOF,3
KCOI,2
KCOL,312
KCOM,517
KCON,103
KCOO,378
KCOQ,390
KCOS,1856
KCOT,140
KCOU,271
KCPC,29
KCPK,6
KCPR,1621
KCPS,126
KCPT,260
KCPW,3584
KCQB,300
KCQC,2160
KCQF,28
KCQM,404
KCQT,56
KCQV,572
KCQW,73
KCQX,19
KCRE,10
KCRG,13
KCRH,34
KCRM,200
KCRP,14
KCRQ,99
KCRS,133
KCRV,3538
KCRW,309
KCRX,130
KCSG,135
KCSM,588
KCSN,148
KCSQ,394
KCSV,570
KCTB,1175
KCTD,2146
KCTJ,354
KCTP,389
KCTY,13
KCTZ,45
KCUB,56
KCUH,279
KCUL,118
KCUT,1725
KCVB,235
KCVG,269
KCVH,70
KCVN,1284
KCVO,75
KCVS,1309
KCVX,204
KCWA,389
KCWC,305
KCWF,4
KCWI,216
KCWK,181
KCWN,2040
KCWV,33
KCXL,1
KCXO,75
KCXP,1435
KCXX,97
KCXY,106
KCYD,1
KCYN,70
KCYS,1868
KCZD,800
KCZG,254
KCZI,1550
KCZK,46
KCZQ,104
KCZZ,807
KD07,784
KD19,436
KD25,491
KD33,407
KD36,186
KD38,248
KD39,380
KD40,325
KD45,326
KD50,595
KD55,491
KD57,637
KD60,693
KD87,209
KD92,187
KD95,255
KD97,250
KDAA,21
KDAB,9
KDAG,587
KDAL,158
KDAN,175
KDAW,100
KDAX,9
KDAY,305
KDBL,3584
KDBN,94
KDBQ,326
KDBS,1638
KDCA,18
KDCM,200
KDCU,176
KDCY,144
KDDC,789
KDDH,244
KDDY,1621
KDEC,207
KDED,24
KDEH,353
KDEN,1640
KDEQ,106
KDET,190
KDEW,674
KDFI,219
KDFW,174
KDFX,345
KDGW,1499
KDGX,186
KDHN,113
KDHS,1241
KDHT,1217
KDIJ,1899
KDIK,788
KDIX,45
KDKB,279
KDKK,202
KDKR,106
KDLF,330
KDLH,435
KDLL,299
KDLN,1591
KDLP,36
KDLS,71
KDLZ,289
KDMA,824
KDMH,5
KDMN,1311
KDMO,274
KDMW,241
KDMX,299
KDNJ,2433
KDNK,114
KDNL,130
KDNN,216
KDNR,1608
KDNS,388
KDNV,212
KDOV,9
KDOX,15
KDPA,231
KDPG,1326
KDPL,42
KDPR,771
KDQH,78
KDQU,195
KDRA,1006
KDRC,1543
KDRI,63
KDRK,1524
KDRM,204
KDRO,2035
KDRT,313
KDSD,938
KDSM,295
KDSV,198
KDTA,1402
KDTL,426
KDTN,53
KDTO,196
KDTS,5
KDTW,195
KDTX,327
KDUA,213
KDUB,2224
KDUC,339
KDUG,1265
KDUH,204
KDUJ,554
KDUX,1129
KDVC,2131
KDVD,152
KDVK,312
KDVL,443
KDVN,230
KDVO,1
KDVP,495
KDVT,443
KDWH,46
KDWX,1996
KDXO,215
KDXR,139
KDXX,330
KDXZ,896
KDYA,34
KDYB,18
KDYL,117
KDYR,103
KDYS,545
KDYT,186
KDYX,462
KDZB,334
KDZJ,582
KE02,902
KE03,1955
KE11,967
KE12,1
KE16,86
KE23,2123
KE28,1192
KE29,652
KE33,2393
KE38,1376
KE74,900
KE80,1582
KEAR,649
KEAT,377
KEAU,276
KEAX,303
KEBG,24
KEBS,342
KECG,11
KECK,247
KECP,21
KECS,1273
KECU,725
KED0,1136
KEDC,189
KEDE,6
KEDJ,342
KEDU,21
KEDW,702
KEED,302
KEEN,149
KEEO,1930
KEET,173
KEEW,275
KEFC,982
KEFD,10
KEFK,284
KEFT,331
KEGC,2
KEGE,1993
KEGI,59
KEGT,390
KEGV,500
KEHA,1099
KEHC,31
KEHF,151
KEHO,258
KEHR,117
KEHY,2225
KEIC,80
KEIK,1564
KEIR,28
KEKA,18
KEKM,237
KEKN,603
KEKO,1547
KEKQ,294
KEKS,1641
KEKX,230
KEL0,939
KELB,262
KELD,81
KELM,302
KELN,519
KELO,443
KELP,1197
KELY,1906
KELZ,646
KEMI,152
KEMK,26
KEMM,2220
KEMP,367
KEMT,90
KEMV,39
KEMX,1586
KEND,398
KENE,123
KENI,187
KENL,163
KENV,1292
KENW,219
KENX,557
KEOE,174
KEOK,205
KEOS,383
KEOX,132
KEPH,383
KEPM,14
KEPZ,1251
KEQY,212
KERI,222
KERV,510
KERY,265
KESC,187
KESF,28
KESN,22
KEST,401
KESX,1483
KETB,270
KETC,17
KETH,313
KETN,448
KETX,250
KEUF,87
KEUG,114
KEUL,740
KEVB,3
KEVM,421
KEVU,349
KEVV,117
KEVW,2177
KEVX,43
KEWB,23
KEWC,407
KEWK,467
KEWN,3
KEWR,7
KEWX,193
KEXX,223
KEYE,248
KEYF,41
KEYW,5
KEYX,840
KEZF,26
KEZM,93
KEZS,248
KF05,386
KF12,135
KF18,260
KF24,85
KF28,432
KF39,228
KF44,135
KF46,176
KF54,185
KF55,237
KF60,180
KF70,412
KFAF,4
KFAM,288
KFAR,277
KFAT,104
KFAY,55
KFBC,247
KFBG,74
KFBL,322
KFBR,2144
KFCA,908
KFCH,85
KFCI,72
KFCL,1525
KFCM,280
KFCS,1789
KFCX,874
KFDK,92
KFDR,386
KFDW,176
KFDX,1417
KFDY,247
KFED,427
KFEP,262
KFET,367
KFEW,1878
KFFA,4
KFFC,262
KFFL,244
KFFM,361
KFFO,251
KFFT,236
KFFX,236
KFFZ,424
KFGF,274
KFGN,328
KFGZ,2192
KFHB,5
KFHR,32
KFHU,1438
KFIG,462
KFIR,2294
KFIT,103
KFKA,389
KFKL,469
KFKN,12
KFKS,193
KFLA,1507
KFLD,240
KFLG,2134
KFLL,3
KFLM,2
KFLO,44
KFLP,219
KFLV,235
KFLY,2096
KFME,46
KFMG,1342
KFMH,40
KFMM,1393
KFMN,1685
KFMY,4
KFNB,300
KFNL,1529
KFNT,233
KFOA,144
KFOD,355
KFOE,320
KFOK,33
KFOT,120
KFOZ,411
KFPK,272
KFPR,13
KFQD,329
KFRG,21
KFRI,325
KFRM,354
KFSD,436
KFSE,389
KFSI,362
KFSK,280
KFSM,140
KFSO,70
KFST,918
KFSW,221
KFSX,2261
KFTG,1675
KFTI,2094
KFTK,230
KFTN,236
KFTW,214
KFTY,263
KFUL,35
KFVE,301
KFVX,125
KFWA,248
KFWB,406
KFWC,133
KFWD,196
KFWH,198
KFWN,133
KFWR,211
KFWS,208
KFWZ,2588
KFXE,6
KFXY,375
KFYG,149
KFYJ,7
KFYM,300
KFYV,379
KFZG,111
KFZY,138
KG01,1
KGAD,173
KGAF,252
KGAG,668
KGAI,165
KGAO,1
KGBD,575
KGBG,233
KGBK,59
KGBN,262
KGBR,199
KGCC,1320
KGCD,1127
KGCK,877
KGCM,221
KGCN,2016
KGDB,319
KGDJ,237
KGDM,290
KGDP,1692
KGDV,749
KGED,19
KGEG,735
KGEU,325
KGEV,969
KGEY,1191
KGEZ,245
KGFA,1075
KGFK,258
KGFL,103
KGGE,12
KGGG,107
KGGI,307
KGGP,225
KGGW,694
KGHB,30
KGHG,4
KGHW,425
KGIC,1009
KGID,563
KGIF,43
KGIJ,267
KGJT,1475
KGJX,3045
KGKJ,428
KGKY,192
KGLD,1113
KGLE,256
KGLH,45
KGLR,407
KGLS,6
KGLV,753
KGLW,218
KGLY,251
KGMJ,254
KGMU,315
KGNA,185
KGNB,2500
KGNC,1010
KGNG,1126
KGNL,887
KGNR,427
KGNT,1987
KGNV,45
KGOK,324
KGON,3
KGOO,962
KGOP,276
KGOV,353
KGPH,235
KGPI,908
KGPM,180
KGPT,14
KGPZ,413
KGQO,210
KGRB,208
KGRD,185
KGRE,165
KGRF,92
KGRI,561
KGRK,309
KGRM,505
KGRR,237
KGRW,44
KGRY,58
KGSB,33
KGSH,252
KGSM,1
KGSO,275
KGSP,287
KGTB,207
KGTF,1119
KGTR,80
KGTU,240
KGUC,2339
KGUL,30
KGUN,1695
KGUP,1971
KGUS,247
KGUY,948
KGVL,386
KGVT,163
KGVW,337
KGVX,39
KGWB,269
KGWC,319
KGWO,44
KGWR,386
KGWW,41
KGWX,145
KGXA,923
KGXF,262
KGXY,1420
KGYB,148
KGYH,292
KGYI,228
KGYL,302
KGYR,295
KGYX,125
KGYY,180
KGZH,78
KGZL,183
KH00,395
KH02,30
KH08,30
KH18,1
KH21,324
KH39,30
KH45,312
KH63,308
KH78,43
KHAE,234
KHAF,21
KHAI,251
KHAO,188
KHAR,397
KHAT,3
KHAW,268
KHBG,44
KHBI,205
KHBR,473
KHBU,2339
KHBV,202
KHCD,323
KHCO,250
KHD7,814
KHDC,13
KHDE,705
KHDN,2012
KHDO,282
KHDX,1287
KHEC,617
KHEF,59
KHEI,828
KHEQ,1137
KHER,513
KHES,85
KHEY,97
KHEZ,83
KHFD,4
KHFF,115
KHFJ,401
KHGR,224
KHGT,310
KHGX,5
KHHF,712
KHHR,18
KHHV,25
KHHW,144
KHIB,412
KHIE,318
KHIF,1459
KHII,238
KHIO,68
KHJH,447
KHJO,74
KHKA,78
KHKS,108
KHKY,354
KHLB,200
KHLC,669
KHLD,1846
KHLG,372
KHLN,1182
KHLR,283
KHLX,834
KHMM,1110
KHMN,1248
KHMS,223
KHMV,1317
KHMY,331
KHNB,161
KHND,749
KHNK,690
KHNN,262
KHNR,375
KHNX,74
KHNZ,161
KHOB,1115
KHOE,57
KHON,390
KHOP,174
KHOT,162
KHOU,36
KHOX,833
KHPN,121
KHPX,176
KHQG,956
KHQI,26
KHQM,7
KHQU,152
KHQZ,136
KHRD,547
KHRI,195
KHRJ,60
KHRL,10
KHRO,417
KHRT,12
KHRV,1
KHRX,1154
KHSA,7
KHSB,121
KHSE,3
KHSI,591
KHSP,1156
KHSR,960
KHSS,451
KHST,2
KHSV,191
KHTH,1285
KHTL,351
KHTO,17
KHTS,254
KHTX,536
KHUA,209
KHUF,179
KHUH,26
KHUL,150
KHUM,3
KHUT,467
KHVE,1350
KHVL,648
KHVN,4
KHVR,787
KHVS,111
KHWD,21
KHWO,2
KHWV,21
KHWY,103
KHXD,6
KHYA,22
KHYI,182
KHYR,370
KHYS,609
KHYW,11
KHYX,183
KHZD,151
KHZE,553
KHZR,12
KHZX,374
KHZY,276
KI14,251
KI15,265
KI16,544
KI26,117
KI35,473
KI39,306
KI68,274
KI69,255
KI75,339
KIAB,418
KIAD,93
KIAG,182
KIAH,36
KIBM,1501
KICL,303
KICR,621
KICT,407
KICX,3231
KIDA,1453
KIDI,429
KIDL,39
KIDP,251
KIDV,1531
KIEN,998
KIER,37
KIFA,347
KIFP,212
KIGB,73
KIGC,14
KIGM,1032
KIGQ,188
KIGX,155
KIIB,298
KIIU,219
KIIY,197
KIJD,75
KIJX,190
KIKA,1319
KIKK,192
KIKR,1613
KIKT,25
KIKV,275
KIKW,194
KILC,2840
KILE,258
KILG,28
KILL,344
KILM,9
KILN,322
KILX,177
KIMB,1700
KIML,998
KIMM,12
KIMT,349
KIND,241
KINF,15
KINJ,209
KINK,855
KINL,360
KINS,955
KINT,291
KINW,1490
KINX,204
KIOB,311
KIOW,198
KIPJ,267
KIPL,-17
KIPN,41
KIPT,164
KIRK,293
KIRQ,147
KIRS,282
KISM,25
KISN,579
KISO,29
KISP,43
KISQ,209
KISW,307
KITH,335
KITR,1279
KIWA,412
KIWD,375
KIWI,20
KIWS,34
KIWX,293
KIXA,44
KIXD,342
KIYA,5
KIYK,749
KIZA,205
KIZG,135
KJAC,1961
KJAN,91
KJAS,65
KJAX,10
KJAY,572
KJBR,79
KJCT,522
KJDD,132
KJDN,801
KJEF,168
KJER,1222
KJES,33
KJFK,9
KJFX,148
KJFZ,809
KJGG,15
KJGX,159
KJHW,525
KJKA,5
KJKJ,280
KJKL,416
KJLN,299
KJMR,309
KJMS,455
KJN8,762
KJNC,2367
KJNW,48
KJNX,50
KJOT,177
KJPD,2741
KJQF,210
KJRB,7
KJSO,206
KJST,694
KJSV,161
KJVL,246
KJVU,122
KJVW,76
KJWG,472
KJWN,151
KJWX,84
KJWY,217
KJXI,127
KJXN,305
KJYG,325
KJYL,57
KJYM,360
KJYO,119
KJYR,509
KJZI,6
KK22,372
KK46,396
KK62,274
KK68,301
KK78,352
KK82,549
KKAD,765
KKCI,231
KKEY,5
KKLS,5
KKRF,312
KL29,1
KL32,8
KL35,2059
KL38,4
KL39,427
KL40,30
KL42,33
KL49,1
KL63,972
KL75,4
KL76,1153
KLAA,1119
KLAF,182
KLAL,43
KLAM,2179
KLAN,264
KLAR,2216
KLAS,636
KLAW,337
KLAX,46
KLBB,993
KLBE,361
KLBF,847
KLBL,879
KLBO,403
KLBR,134
KLBT,37
KLBX,6
KLCG,436
KLCH,4
KLCI,166
KLCK,227
KLDJ,7
KLDM,197
KLEB,171
KLEE,23
KLEM,783
KLEV,2
KLEW,88
KLEX,300
KLFI,3
KLFK,88
KLFT,11
KLG5,597
KLGA,11
KLGB,10
KLGC,211
KLGD,827
KLGU,1355
KLGX,103
KLHB,87
KLHM,37
KLHQ,260
KLHV,170
KLHW,14
KLHX,1277
KLHZ,113
KLIC,1630
KLIT,79
KLIX,7
KLIZ,227
KLJF,348
KLKN,1608
KLKR,149
KLKT,2822
KLKU,150
KLKV,1441
KLLJ,1536
KLLQ,83
KLLR,175
KLMK,166
KLMN,348
KLMO,1541
KLMT,1246
KLNC,153
KLND,1694
KLNK,364
KLNL,520
KLNN,191
KLNP,817
KLNR,217
KLNS,125
KLNX,905
KLOL,1189
KLOM,92
KLOR,74
KLOT,205
KLOU,164
KLOX,20
KLOZ,362
KLPC,27
KLPR,241
KLQK,309
KLRD,155
KLRF,95
KLRJ,365
KLRO,4
KLRU,1358
KLRX,2056
KLRY,279
KLSB,1307
KLSE,199
KLSF,71
KLSV,570
KLSX,185
KLTS,420
KLTX,20
KLUA,275
KLUB,996
KLUD,319
KLUF,332
KLUG,219
KLUK,155
KLUL,91
KLUM,273
KLUX,213
KLVJ,12
KLVK,117
KLVM,1418
KLVN,293
KLVS,2091
KLVX,219
KLWA,203
KLWB,702
KLWC,253
KLWD,346
KLWM,54
KLWS,438
KLWT,1270
KLWV,131
KLWX,89
KLXL,342
KLXN,734
KLXT,306
KLXV,3028
KLXY,166
KLYH,295
KLYV,436
KLZK,173
KLZU,323
KLZZ,371
KM01,69
KM02,272
KM04,85
KM08,152
KM16,76
KM19,73
KM25,160
KM30,117
KM33,178
KM39,329
KM40,69
KM46,1044
KM52,157
KM54,180
KM63,1283
KM75,687
KM82,231
KM89,56
KM97,313
KMAE,77
KMAF,874
KMAI,32
KMAL,268
KMAN,774
KMAO,28
KMAW,90
KMAX,2290
KMBF,1
KMBG,510
KMBL,189
KMBS,202
KMBT,188
KMBX,455
KMBY,264
KMCB,124
KMCC,23
KMCD,226
KMCE,47
KMCF,4
KMCI,320
KMCJ,69
KMCK,782
KMCN,109
KMCO,29
KMCW,369
KMDD,854
KMDH,130
KMDJ,31
KMDQ,230
KMDS,524
KMDT,95
KMDW,188
KMDZ,448
KMEB,67
KMEG,101
KMEH,1136
KMEI,89
KMEM,86
KMER,57
KMEZ,329
KMFD,395
KMFE,38
KMFI,379
KMFL,5
KMFR,396
KMFV,15
KMGC,200
KMGE,326
KMGG,313
KMGJ,108
KMGL,586
KMGM,63
KMGN,209
KMGR,90
KMGW,378
KMGY,289
KMHE,397
KMHK,317
KMHL,237
KMHN,994
KMHR,29
KMHS,1078
KMHT,81
KMHV,849
KMHX,9
KMHZ,91
KMI1,1000
KMIA,3
KMIB,508
KMIC,265
KMIE,285
KMIS,32
KMIU,36
KMIV,23
KMIW,296
KMJQ,441
KMJX,25
KMKA,479
KMKC,227
KMKE,206
KMKG,191
KMKJ,780
KMKL,128
KMKN,423
KMKO,185
KMKS,23
KMKT,311
KMKX,292
KMKY,2
KMLB,11
KMLC,232
KMLD,1373
KMLE,320
KMLF,1534
KMLI,184
KMLJ,117
KMLP,1837
KMLS,801
KMLT,123
KMLU,29
KMMB,668
KMMH,2173
KMMI,266
KMMK,31
KMML,359
KMMM,1902
KMMO,225
KMMT,77
KMMU,57
KMMV,48
KMNE,85
KMNH,2152
KMNI,32
KMNM,191
KMNN,301
KMNW,482
KMNZ,396
KMOB,63
KMOD,29
KMOP,230
KMOT,519
KMOX,344
KMPM,1
KMPO,577
KMPR,457
KMPV,343
KMPX,288
KMPZ,224
KMQB,215
KMQE,199
KMQI,4
KMQJ,263
KMQM,2068
KMQS,201
KMQT,430
KMQY,166
KMRB,164
KMRC,208
KMRF,1481
KMRH,3
KMRJ,359
KMRN,387
KMRT,312
KMRX,408
KMRY,66
KMSL,164
KMSN,261
KMSO,975
KMSP,265
KMSR,256
KMSS,66
KMSV,428
KMSX,2394
KMSY,5
KMTC,177
KMTH,2
KMTJ,1750
KMTN,7
KMTO,214
KMTP,2
KMTR,1803
KMTU,1625
KMTV,287
KMTW,198
KMTX,1969
KMUI,149
KMUL,89
KMUO,913
KMUT,167
KMUX,1057
KMVC,128
KMVE,315
KMVL,234
KMVN,146
KMVX,301
KMVY,16
KMWA,144
KMWC,227
KMWH,362
KMWK,380
KMWL,284
KMWM,430
KMWN,1910
KMWO,198
KMWS,1739
KMWT,214
KMXF,51
KMXO,259
KMXX,122
KMYF,136
KMYJ,251
KMYL,1533
KMYP,3667
KMYR,8
KMYT,23
KMYV,21
KMZB,12
KMZG,29
KMZH,328
KMZZ,262
KN00,145
KN03,366
KN07,56
KN12,13
KN14,15
KN23,313
KN27,223
KN28,26
KN40,171
KN52,30
KN60,582
KN63,119
KN80,4
KN81,20
KN85,146
KN87,36
KN97,462
KNAK,2
KNBC,12
KNBE,150
KNBG,1
KNBK,5
KNBT,5
KNBU,199
KNCA,8
KNDZ,54
KNE0,1940
KNEL,31
KNEN,30
KNEW,3
KNFE,5
KNFG,24
KNFL,1199
KNFW,198
KNGP,6
KNGR,390
KNGU,5
KNGZ,4
KNHC,3
KNHK,12
KNHZ,23
KNID,696
KNIP,7
KNIR,20
KNJK,-13
KNJM,7
KNKA,231
KNKT,9
KNKX,146
KNLC,72
KNMM,97
KNMW,3
KNOG,78
KNOW,4
KNPA,9
KNQA,86
KNQI,15
KNQX,2
KNRB,5
KNRC,50
KNRN,727
KNRS,7
KNSE,61
KNSI,154
KNTD,4
KNTK,17
KNTU,7
KNUC,55
KNUI,7
KNUQ,12
KNUW,14
KNVD,272
KNXF,27
KNXP,626
KNXX,110
KNYC,11
KNYG,4
KNYL,65
KNZC,25
KNZJ,117
KNZW,49
KNZY,8
KO00,1331
KO18,74
KO22,646
KO45,33
KO54,717
KO57,1973
KO69,28
KO86,729
KO87,21
KO88,7
KOAJ,29
KOAK,26
KOAL,1600
KOAR,41
KOAX,350
KOBE,11
KOBH,670
KOBI,13
KOCF,27
KOCH,108
KOCQ,183
KOCR,2
KOCS,2060
KOCW,12
KODF,567
KODI,427
KODO,902
KODX,631
KOEB,292
KOED,396
KOEL,929
KOEO,275
KOFF,319
KOFK,470
KOFP,62
KOGA,999
KOGB,59
KOGD,1353
KOGS,91
KOHX,176
KOIC,312
KOIN,824
KOJA,490
KOJC,326
KOKB,8
KOKC,390
KOKH,59
KOKK,253
KOKM,220
KOKV,222
KOKX,26
KOLD,39
KOLE,651
KOLF,604
KOLM,58
KOLS,1184
KOLU,440
KOLV,122
KOLY,147
KOLZ,328
KOMA,312
KOMH,142
KOMK,395
KOMN,9
KONA,200
KONL,619
KONM,1410
KONO,667
KONP,48
KONT,274
KONX,5
KONZ,180
KOOA,256
KOPF,16
KOPL,23
KOPM,25
KOPN,243
KOQN,142
KOQT,277
KOQU,6
KORB,397
KORC,431
KORD,200
KORE,164
KORF,14
KORG,4
KORH,304
KORL,37
KORN,3
KORS,9
KOSA,111
KOSC,193
KOSH,248
KOSU,280
KOSW,283
KOTG,480
KOTH,4
KOTM,256
KOTX,727
KOUN,357
KOVE,58
KOVL,328
KOVN,406
KOVR,312
KOVS,202
KOWA,350
KOWB,124
KOWD,19
KOWP,272
KOWY,1645
KOXB,3
KOXC,222
KOXI,209
KOXR,20
KOXV,283
KOZA,726
KOZR,93
KOZW,293
KOZX,351
KP02,146
KP05,683
KP07,865
KP08,481
KP11,443
KP24,624
KP28,469
KP34,2055
KP35,270
KP38,1333
KP39,390
KP53,187
KP58,179
KP59,190
KP60,2388
KP61,241
KP67,351
KP68,1809
KP69,480
KP70,2109
KP75,178
KP88,1162
KP92,1
KPAA,18
KPAC,1494
KPAE,180
KPAH,119
KPAM,5
KPAN,1572
KPAO,2
KPAT,1912
KPBF,62
KPBG,72
KPBH,449
KPBI,6
KPBZ,361
KPCM,47
KPCW,178
KPCZ,252
KPDC,201
KPDK,302
KPDT,462
KPDX,7
KPEA,270
KPEF,1881
KPEO,256
KPEQ,797
KPEX,360
KPEZ,132
KPFC,5
KPFN,12
KPGA,1307
KPGD,7
KPGL,3
KPGO,883
KPGS,1450
KPGU,12
KPGV,8
KPHD,272
KPHF,12
KPHG,582
KPHI,4
KPHL,18
KPHN,198
KPHP,672
KPHT,177
KPHX,336
KPIA,205
KPIB,91
KPIC,527
KPIE,4
KPIH,1359
KPIL,5
KPIN,1392
KPIR,526
KPIT,357
KPKB,262
KPKD,442
KPKF,469
KPKV,9
KPLB,106
KPLN,217
KPLU,164
KPMD,780
KPMM,213
KPMP,6
KPMV,367
KPNA,2160
KPNC,308
KPNE,28
KPNM,298
KPNS,38
KPNT,201
KPO1,621
KPOB,66
KPOC,308
KPOE,101
KPOF,99
KPOU,46
KPOV,365
KPOW,348
KPPA,989
KPPF,274
KPPO,248
KPPQ,216
KPQI,146
KPQL,6
KPQN,529
KPQR,7
KPRB,245
KPRC,1524
KPRG,199
KPRN,138
KPRO,308
KPRS,896
KPRX,167
KPSB,594
KPSC,121
KPSF,355
KPSK,642
KPSM,31
KPSN,129
KPSO,2334
KPSP,135
KPSR,342
KPSX,5
KPTB,59
KPTD,144
KPTK,299
KPTN,3
KPTR,24
KPTS,290
KPTT,595
KPTV,135
KPTW,92
KPUB,1420
KPUC,2091
KPUJ,393
KPUM,2420
KPUW,773
KPUX,1600
KPVB,313
KPVC,2
KPVD,16
KPVF,789
KPVG,7
KPVJ,295
KPVU,1369
KPVW,1028
KPWA,397
KPWC,395
KPWD,686
KPWE,415
KPWG,180
KPWK,203
KPWM,15
KPWT,147
KPXV,117
KPYE,447
KPYM,43
KPYN,142
KPYX,889
KPZD,85
KPZQ,204
KQAH,5
KQBL,6
KQHY,8
KQMG,1283
KQNR,26
KQPR,966
KQRC,15
KQT8,1
KQT9,1
KRAC,203
KRAD,327
KRAH,133
KRAL,252
KRAM,10
KRAP,965
KRAS,2
KRAW,285
KRAX,106
KRBD,203
KRBG,154
KRBL,104
KRBO,24
KRBW,31
KRCA,999
KRCE,413
KRCM,244
KRCR,241
KRCX,377
KRCZ,109
KRDD,155
KRDG,109
KRDK,318
KRDM,938
KRDR,278
KRDU,130
KREE,1017
KREI,480
KREJ,925
KREL,542
KREO,1235
KREV,1516
KRFD,221
KRFI,135
KRGK,239
KRGX,2530
KRHA,389
KRHI,485
KRHP,518
KRHV,41
KRIC,50
KRIE,360
KRIF,1616
KRIL,1678
KRIM,2294
KRIU,45
KRIV,469
KRIW,1697
KRIX,468
KRJD,20
KRKD,17
KRKP,6
KRKR,138
KRKS,2060
KRKW,508
KRLX,329
KRME,154
KRMG,193
KRMN,65
KRMX,154
KRMY,287
KRNC,315
KRND,232
KRNH,304
KRNK,648
KRNM,427
KRNO,1342
KRNP,224
KRNT,21
KRNV,41
KROA,362
KROC,178
KROD,360
KROG,415
KROS,281
KROW,1112
KROX,323
KRPD,338
KRPE,3
KRPH,342
KRPJ,238
KRPX,1065
KRQB,302
KRQE,2055
KRQO,432
KRRF,12
KRRK,50
KRRL,401
KRRT,327
KRSA,11
KRSK,1775
KRSL,567
KRSN,95
KRSP,561
KRST,403
KRSV,141
KRSW,10
KRTN,1936
KRTS,1540
KRTX,479
KRUE,115
KRUG,472
KRUM,207
KRUQ,236
KRUT,240
KRVS,200
KRWF,311
KRWI,47
KRWL,2077
KRWV,119
KRXE,1480
KRYN,737
KRYT,274
KRYV,254
KRYW,376
KRYY,317
KRZC,443
KRZL,213
KRZN,301
KRZR,263
KRZS,1104
KRZZ,75
KS02,2
KS06,1011
KS11,1341
KS14,1800
KS22,195
KS25,644
KS29,2282
KS32,684
KS34,752
KS47,11
KS58,1
KS59,793
KS65,2
KS71,736
KS80,1011
KSAA,2138
KSAC,11
KSAD,962
KSAF,1930
KSAN,12
KSAR,164
KSAT,243
KSAV,14
KSAW,372
KSAX,30
KSAZ,392
KSBA,3
KSBD,353
KSBM,232
KSBN,237
KSBO,100
KSBP,59
KSBS,2096
KSBY,19
KSCF,8
KSCH,115
KSCK,10
KSDA,296
KSDB,1377
KSDC,129
KSDF,146
KSDL,447
KSDM,159
KSDY,605
KSEA,136
KSEE,117
KSEG,134
KSEP,402
KSET,134
KSEW,7
KSEZ,1473
KSFB,17
KSFD,621
KSFF,609
KSFM,74
KSFO,3
KSFQ,22
KSFX,1364
KSFY,188
KSFZ,134
KSGE,2354
KSGF,390
KSGH,321
KSGJ,3
KSGR,2
KSGS,250
KSGT,68
KSGU,896
KSGX,9
KSHC,2043
KSHD,366
KSHI,276
KSHL,432
KSHM,1900
KSHN,82
KSHP,314
KSHR,1202
KSHV,83
KSIB,1500
KSIE,30
KSIF,211
KSIK,96
KSIL,3
KSIY,807
KSJB,30
KSJC,24
KSJI,63
KSJN,1745
KSJS,372
KSJT,576
KSJX,204
KSKA,750
KSKF,210
KSKL,2451
KSKX,2161
KSL0,1478
KSLB,454
KSLC,1286
KSLD,610
KSLE,59
KSLG,300
KSLH,195
KSLI,11
KSLK,498
KSLN,385
KSLO,175
KSLR,149
KSLT,707
KSME,283
KSMF,6
KSMN,1233
KSMO,57
KSMP,1208
KSMQ,30
KSMS,56
KSMX,74
KSNA,16
KSNC,127
KSNH,144
KSNK,741
KSNL,327
KSNS,30
KSNT,1980
KSNY,1307
KSOA,652
KSOL,616
KSOP,141
KSOW,1954
KSOX,923
KSPA,303
KSPB,14
KSPD,1335
KSPF,1188
KSPG,2
KSPI,181
KSPL,4
KSPR,31
KSPS,308
KSPW,403
KSQI,197
KSQL,1
KSQS,42
KSRB,313
KSRC,80
KSRE,312
KSRN,1
KSRQ,18
KSRR,2076
KSRX,195
KSSC,74
KSSF,176
KSSI,6
KSSM,221
KSSO,1097
KSSU,549
KSTC,314
KSTE,338
KSTF,102
KSTJ,247
KSTK,1231
KSTL,171
KSTM,279
KSTO,11
KSTP,219
KSTR,1345
KSTS,39
KSTT,15
KSTZ,25
KSUA,6
KSUE,221
KSUM,607
KSUN,1620
KSUS,141
KSUT,8
KSUU,19
KSUW,206
KSUX,338
KSVC,1659
KSVE,1263
KSVH,294
KSVM,290
KSVN,13
KSWF,150
KSWO,290
KSWW,727
KSXS,122
KSXT,1170
KSYF,1025
KSYI,245
KSYL,220
KSYN,280
KSYR,127
KSZL,265
KSZT,648
KSZY,100
KT02,12
KT03,1400
KT04,240
KT05,3
KT08,453
KT20,108
KT27,389
KT31,5
KT35,123
KT43,6
KT46,31
KT47,305
KT53,24
KT56,106
KT62,1628
KT65,21
KT72,87
KT77,896
KT82,517
KT86,129
KT89,235
KT97,9
KT98,182
KTAD,1756
KTAE,16
KTAN,7
KTAR,36
KTAZ,190
KTBC,1538
KTBE,1747
KTBN,353
KTBR,57
KTBW,12
KTBX,2225
KTCC,1235
KTCL,49
KTCM,98
KTCS,1469
KTDF,186
KTDO,113
KTDR,5
KTDZ,189
KTEB,7
KTEW,280
KTEX,2769
KTFP,6
KTFX,1132
KTHA,331
KTHV,144
KTIF,892
KTIK,394
KTIP,225
KTIR,332
KTIW,89
KTIX,11
KTKC,408
KTKI,179
KTKV,453
KTLH,19
KTLS,596
KTLX,370
KTMA,109
KTMB,2
KTME,51
KTMH,1743
KTMK,11
KTMW,241
KTNB,911
KTNU,290
KTNX,1691
KTOA,31
KTOB,398
KTOC,304
KTOI,118
KTOL,210
KTOP,268
KTOR,1277
KTOU,520
KTOW,1800
KTPA,11
KTPF,3
KTPH,1652
KTPL,208
KTQE,312
KTQH,266
KTQK,904
KTRB,1103
KTRI,474
KTRK,1798
KTRL,145
KTRM,-35
KTRV,10
KTSA,205
KTSP,1220
KTTA,75
KTTD,14
KTTF,188
KTTH,179
KTTN,59
KTTS,3
KTTT,165
KTUA,205
KTUL,207
KTUP,105
KTUS,776
KTVC,190
KTVF,340
KTVI,80
KTVK,314
KTVL,1924
KTVR,26
KTWC,752
KTWF,1266
KTWM,328
KTWX,417
KTXK,111
KTXO,1353
KTYQ,281
KTYR,165
KTYS,302
KTYX,562
KTZR,276
KTZV,316
KU11,1480
KU15,1536
KU16,1292
KU17,1110
KU24,1414
KU28,1241
KU31,2014
KU35,740
KU42,1402
KU67,1556
KU73,1222
KU78,1780
KUAO,59
KUBE,379
KUCA,228
KUCC,1195
KUCP,327
KUCY,104
KUDG,59
KUDX,919
KUES,278
KUEX,602
KUGN,222
KUIL,54
KUIN,234
KUKF,396
KUKI,187
KUKL,358
KUKT,160
KULM,308
KULS,936
KUMN,437
KUMP,248
KUNI,193
KUNO,372
KUNR,1027
KUNU,285
KUNV,378
KUOX,137
KUSE,238
KUTA,59
KUTS,104
KUUU,51
KUUV,284
KUVA,287
KUXL,4
KUZA,202
KVAD,71
KVAF,46
KVAX,54
KVAY,15
KVBG,112
KVBS,31
KVBT,395
KVBX,373
KVCB,33
KVCT,31
KVCV,876
KVDF,7
KVDI,84
KVDW,2542
KVEF,694
KVEL,1604
KVER,218
KVES,307
KVGC,347
KVGT,671
KVIC,329
KVIH,333
KVIS,89
KVIV,588
KVJI,631
KVKS,32
KVKY,32
KVLA,164
KVLD,62
KVLL,222
KVMR,349
KVNC,6
KVNP,28
KVNX,369
KVNY,245
KVOA,53
KVOK,277
KVPC,222
KVPS,26
KVPZ,231
KVQN,280
KVQQ,25
KVQT,25
KVRB,10
KVRX,1
KVSF,175
KVSH,5
KVT1,317
KVT2,274
KVTA,268
KVTI,255
KVTN,788
KVTP,3114
KVTX,831
KVUJ,186
KVUO,8
KVUZ,250
KVVG,27
KVVV,335
KVWU,360
KVWX,190
KVXV,302
KVYS,199
KW11,273
KW22,499
KW29,15
KW32,76
KW43,1300
KW44,205
KW45,275
KW60,1
KW66,103
KW76,30
KW94,11
KW99,293
KWAL,14
KWBC,50
KWDG,356
KWDO,527
KWDR,287
KWEY,2031
KWHP,306
KWJF,715
KWK6,752
KWLD,350
KWMC,1310
KWNB,50
KWNC,50
KWNH,50
KWNJ,36
KWNM,50
KWNO,50
KWNS,357
KWOR,392
KWRB,90
KWRI,41
KWRL,1271
KWRS,555
KWST,21
KWTA,810
KWTR,1882
KWVI,43
KWVL,101
KWWD,7
KWWR,667
KWYS,2025
KX14,6
KX26,6
KX40,15
KX41,12
KXAA,320
KXBP,260
KXCN,1
KXFL,10
KXIH,75
KXLL,122
KXMR,3
KXNA,392
KXPY,2
KXSA,42
KXVG,407
KXVW,100
KY12,293
KY14,462
KY15,195
KY19,593
KY22,781
KY23,322
KY26,508
KY29,302
KY33,313
KY50,262
KY51,394
KY62,219
KY63,367
KY68,408
KY70,250
KY84,226
KYIP,215
KYKM,324
KYKN,398
KYMA,1261
KYNG,360
KYUC,1198
KYUM,63
KYUX,53
KYZO,36
KZAB,1621
KZAU,213
KZBW,61
KZDC,20
KZDV,1498
KZFW,182
KZHU,34
KZID,243
KZJX,2
KZKC,231
KZLA,819
KZLC,1287
KZMA,3
KZME,101
KZMP,256
KZNY,48
KZOA,11
KZOB,241
KZPH,26
KZSE,99
KZTL,312
KZUN,1972
KZZV,268
LATI,90
LBBG,28
LBGO,86
LBPD,185
LBPG,58
LBRS,45
LBSF,595
LBWN,43
LCEN,91
LCGK,20
LCLK,2
LCNC,161
LCPH,8
LCRA,23
LDDD,123
LDDU,165
LDLO,46
LDOS,89
LDPL,63
LDRI,85
LDSB,542
LDSP,21
LDWR,0
LDZA,107
LDZD,84
LEAB,704
LEAL,31
LEAM,21
LEAS,134
LEBA,92
LEBB,34
LEBG,891
LEBL,6
LEBR,295
LEBZ,192
LECH,899
LECO,103
LECV,710
LEDA,350
LEGA,686
LEGE,129
LEGR,559
LEGT,612
LEHC,539
LEHI,534
LEIB,12
LEJR,30
LELC,3
LELL,250
LELN,914
LELO,363
LEMD,582
LEMG,7
LEMH,82
LEMO,88
LEPA,8
LEPP,459
LERI,75
LERS,76
LERT,26
LESA,795
LESO,8
LEST,367
LESU,800
LETA,14
LETO,608
LEVC,62
LEVD,854
LEVS,687
LEVT,509
LEVX,256
LEXJ,6
LEZA,263
LEZG,258
LEZL,31
LFAC,3
LFAQ,111
LFAT,14
LFBA,60
LFBC,33
LFBD,61
LFBE,52
LFBF,166
LFBG,31
LFBH,10
LFBI,120
LFBK,415
LFBL,402
LFBM,63
LFBN,61
LFBO,153
LFBP,185
LFBR,189
LFBS,39
LFBT,363
LFBU,133
LFBV,117
LFBX,97
LFBY,32
LFBZ,71
LFCC,278
LFCG,412
LFCI,178
LFCK,240
LFCR,580
LFDB,160
LFDH,128
LFFS,199
LFGJ,196
LFHM,950
LFHP,833
LFIG,1020
LFJL,264
LFJR,60
LFKB,12
LFKC,58
LFKF,23
LFKJ,9
LFKS,22
LFLA,212
LFLB,239
LFLC,330
LFLD,166
LFLL,240
LFLM,217
LFLN,244
LFLP,463
LFLQ,74
LFLS,386
LFLV,251
LFLW,639
LFLX,157
LFLY,201
LFMA,111
LFMC,78
LFMD,9
LFME,62
LFMH,402
LFMI,24
LFMK,130
LFML,36
LFMN,10
LFMO,55
LFMP,48
LFMT,6
LFMU,17
LFMV,38
LFMX,461
LFMY,60
LFNA,733
LFNB,1024
LFNM,18
LFOA,179
LFOB,111
LFOC,127
LFOE,146
LFOF,141
LFOH,103
LFOI,77
LFOJ,125
LFOK,162
LFOP,157
LFOR,156
LFOS,83
LFOT,108
LFOV,101
LFOW,101
LFPB,65
LFPC,88
LFPG,109
LFPM,92
LFPN,164
LFPO,96
LFPT,99
LFPV,179
LFPW,75
LFPY,85
LFQA,95
LFQB,118
LFQE,234
LFQG,181
LFQH,264
LFQI,77
LFQQ,52
LFQV,150
LFRA,58
LFRB,103
LFRC,138
LFRD,59
LFRG,146
LFRH,44
LFRI,91
LFRJ,115
LFRK,67
LFRL,82
LFRM,52
LFRN,37
LFRO,89
LFRQ,94
LFRS,27
LFRT,136
LFRU,86
LFRV,133
LFRZ,4
LFSA,309
LFSB,271
LFSC,217
LFSD,227
LFSF,191
LFSI,140
LFSL,310
LFSN,217
LFSO,350
LFSP,817
LFSQ,423
LFSR,99
LFST,154
LFSX,273
LFTF,81
LFTH,4
LFTU,6
LFTW,96
LFVP,8
LFXA,257
LFXI,837
LFYG,110
LFYH,208
LFYJ,133
LFYL,317
LFYR,86
LGAD,12
LGAG,24
LGAL,3
LGAT,21
LGAV,94
LGBL,26
LGEL,31
LGHI,4
LGIK,24
LGIO,476
LGIR,39
LGKA,669
LGKC,319
LGKF,18
LGKJ,145
LGKL,8
LGKO,125
LGKP,20
LGKR,2
LGKS,10
LGKV,5
LGKZ,628
LGLE,11
LGLM,5
LGLR,74
LGLX,2
LGMK,123
LGMR,5
LGMT,17
LGNX,4
LGPA,36
LGPL,47
LGPZ,4
LGRD,62
LGRP,5
LGRX,15
LGSA,135
LGSD,57
LGSK,15
LGSM,6
LGSO,72
LGSR,40
LGST,115
LGSY,15
LGTG,148
LGTL,360
LGTP,652
LGTS,7
LGTT,235
LGTY,7
LGVO,27
LGZA,3
LHBC,86
LHBP,185
LHDC,112
LHKE,115
LHPA,148
LHPP,305
LHPR,129
LHSM,125
LHSN,98
LHTA,160
LHUD,84
LIBA,60
LIBC,161
LIBD,44
LIBE,844
LIBF,80
LIBG,69
LIBH,12
LIBI,50
LIBJ,520
LIBK,343
LIBL,89
LIBM,1
LIBN,61
LIBP,11
LIBQ,1720
LIBR,10
LIBS,807
LIBT,44
LIBU,896
LIBV,350
LIBW,485
LIBX,447
LIBY,112
LIBZ,843
LICA,15
LICB,220
LICC,17
LICD,20
LICE,965
LICF,51
LICG,191
LICH,17
LICJ,34
LICL,33
LICM,179
LICO,51
LICP,117
LICR,21
LICS,125
LICT,7
LICU,251
LICX,1035
LICZ,22
LIEA,23
LIEB,156
LIEC,118
LIED,28
LIEE,4
LIEF,92
LIEG,170
LIEH,205
LIEL,22
LIEM,559
LIEN,1029
LIEO,13
LIEP,645
LIET,8
LIMA,287
LIMC,211
LIMD,2403
LIME,237
LIMF,287
LIMG,49
LIMH,3488
LIMJ,3
LIMK,710
LIML,103
LIMM,103
LIMN,169
LIMO,1322
LIMP,50
LIMQ,315
LIMS,138
LIMT,1040
LIMU,221
LIMV,475
LIMW,546
LIMY,1742
LIMZ,380
LIPA,126
LIPB,241
LIPC,10
LIPD,94
LIPE,42
LIPF,10
LIPH,23
LIPI,53
LIPK,32
LIPL,92
LIPN,91
LIPO,109
LIPP,14
LIPQ,12
LIPR,13
LIPS,41
LIPT,53
LIPU,14
LIPV,4
LIPX,68
LIPY,10
LIPZ,6
LIQB,249
LIQC,269
LIQD,932
LIQI,2138
LIQJ,4
LIQK,185
LIQN,389
LIQO,632
LIQP,192
LIQR,918
LIQS,322
LIQT,3
LIQV,575
LIQW,10
LIQZ,185
LIRA,101
LIRB,270
LIRE,12
LIRF,3
LIRG,89
LIRH,181
LIRI,40
LIRJ,397
LIRK,1875
LIRL,26
LIRM,10
LIRN,72
LIRP,2
LIRQ,38
LIRS,7
LIRT,1093
LIRU,24
LIRV,300
LIRX,297
LIRZ,205
LIVC,2173
LIVD,1226
LIVE,1800
LIVF,574
LIVG,1775
LIVM,6
LIVO,778
LIVP,2129
LIVR,2006
LIVT,20
LIVV,575
LIYW,126
LJCE,155
LJLJ,385
LJMB,265
LJMS,188
LJNM,213
LJPZ,2
LKCV,242
LKHO,224
LKKB,286
LKKU,177
LKKV,604
LKKZ,232
LKLB,405
LKLN,362
LKMH,244
LKMT,256
LKNA,472
LKPD,226
LKPO,206
LKPP,161
LKPR,365
LKSL,318
LKTB,246
LKVO,280
LLBG,49
LLBS,200
LLET,13
LLHA,8
LLIB,282
LLJR,759
LLOV,432
LLSD,14
LMML,91
LMMM,95
LOAG,312
LOAN,272
LOAV,233
LOGG,290
LOIH,418
LOLF,685
LOWG,347
LOWI,581
LOWK,441
LOWL,313
LOWS,450
LOWW,190
LOWZ,754
LOXA,649
LOXL,313
LOXN,280
LOXS,543
LOXT,176
LOXZ,682
LPAR,3
LPAZ,100
LPBG,692
LPBJ,247
LPCR,26
LPFL,29
LPFR,4
LPFU,55
LPGR,26
LPHR,41
LPLA,55
LPMA,55
LPMR,54
LPMT,11
LPOT,49
LPOV,17
LPPD,72
LPPI,33
LPPR,73
LPPS,82
LPPT,123
LPST,130
LPTN,80
LPVR,562
LQBK,122
LQMO,48
LQSA,511
LQTZ,306
LRAR,118
LRBC,185
LRBM,185
LRBS,91
LRCK,108
LRCL,413
LRCS,242
LRCT,331
LRCV,191
LRIA,104
LROD,140
LROP,95
LRSB,444
LRSM,124
LRSV,351
LRTC,6
LRTM,309
LRTR,88
LSGC,1027
LSGG,416
LSGL,615
LSGN,487
LSGS,481
LSMA,444
LSMD,448
LSME,427
LSMM,577
LSMP,491
LSMS,481
LSZA,276
LSZB,505
LSZC,450
LSZD,600
LSZG,430
LSZH,432
LSZL,600
LSZR,398
LSZS,1706
LTAB,819
LTAC,949
LTAD,806
LTAE,843
LTAF,20
LTAG,66
LTAH,1034
LTAI,54
LTAJ,855
LTAK,3
LTAL,1066
LTAM,1043
LTAN,1006
LTAP,535
LTAQ,168
LTAR,1271
LTAS,136
LTAT,849
LTAU,1054
LTAV,96
LTAW,608
LTAY,849
LTAZ,945
LTBA,37
LTBD,57
LTBE,100
LTBF,102
LTBG,49
LTBH,3
LTBI,785
LTBJ,120
LTBL,5
LTBM,997
LTBN,921
LTBO,919
LTBQ,50
LTBR,232
LTBS,2
LTBT,93
LTBU,173
LTBY,789
LTCA,882
LTCB,1632
LTCC,677
LTCD,1215
LTCE,1758
LTCF,1795
LTCG,30
LTCH,547
LTCI,1661
LTCJ,540
LTCK,1266
LTCL,610
LTCM,8
LTCN,526
LTCO,1665
LTCP,676
LTCR,527
LTCS,825
LTCT,946
LTCU,1061
LTCV,621
LTDA,82
LTFC,864
LTFD,16
LTFE,6
LTFG,95
LTFH,5
LTFJ,98
LUBL,232
LUBM,95
LUCH,199
LUKK,122
LWOH,761
LWSK,239
LXGB,5
LYBE,99
LYBT,80
LYKV,209
LYMO,108
LYNI,202
LYOH,761
LYPG,43
LYPR,546
LYTI,33
LYTV,5
LYUZ,904
LYVR,85
LZIB,134
LZKC,177
LZKZ,232
LZLU,200
LZNI,135
LZPE,260
LZPP,161
LZSL,313
LZTT,707
LZZI,311
MBGT,4
MBJT,4
MBPV,5
MCGV,167
MCOL,10
MDAB,35
MDBH,3
MDCY,10
MDHE,58
MDJB,30
MDLR,8
MDMC,2
MDPC,12
MDPP,5
MDSD,18
MDST,184
MGCB,1316
MGCP,11
MGES,965
MGFL,115
MGGI,1489
MGGT,1509
MGHT,1901
MGMM,105
MGPB,10
MGPP,500
MGQZ,2371
MGRT,200
MGSJ,9
MGTK,128
MGZA,490
MHAM,5
MHCA,442
MHCH,48
MHIC,11
MHLC,15
MHLE,1100
MHLM,26
MHNJ,15
MHNO,2
MHPL,13
MHRO,5
MHSC,626
MHSR,1079
MHTE,3
MHTG,1004
MHTR,3
MHYR,670
MKJP,3
MKJS,1
MKPE,6
MLIP,0
MMAA,5
MMAN,448
MMAS,1863
MMBT,143
MMCB,1560
MMCE,2
MMCL,39
MMCM,12
MMCN,43
MMCP,5
MMCS,1171
MMCT,28
MMCU,1372
MMCV,238
MMCZ,5
MMDO,1857
MMEP,922
MMGD,25
MMGL,1528
MMGM,20
MMHO,184
MMIA,723
MMIO,1790
MMIT,61
MMLM,4
MMLO,1819
MMLP,21
MMLT,15
MMMA,8
MMMD,10
MMML,22
MMMM,1833
MMMT,40
MMMV,615
MMMX,2238
MMMY,387
MMMZ,10
MMNG,1222
MMNL,148
MMOX,1528
MMPA,142
MMPB,2244
MMPE,9
MMPG,250
MMPN,1593
MMPR,6
MMPS,88
MMQT,1813
MMRX,39
MMSC,35
MMSD,109
MMSL,140
MMSP,1903
MMTB,528
MMTC,1124
MMTG,528
MMTJ,152
MMTL,2181
MMTM,24
MMTO,2576
MMTP,29
MMUN,10
MMVA,13
MMVR,16
MMZA,2265
MMZC,2177
MMZH,6
MMZO,8
MNBL,5
MNCH,53
MNJG,985
MNJU,90
MNLN,100
MNMG,59
MNPC,16
MNRS,53
MPBO,3
MPCF,8
MPCH,6
MPDA,27
MPEJ,8
MPFS,52
MPHO,13
MPJE,9
MPLB,9
MPLP,10
MPMG,13
MPNU,21
MPOA,1
MPPA,13
MPRH,31
MPSA,83
MPTO,45
MPVR,2
MRCH,2
MRLB,82
MRLM,2
MRNC,120
MROC,920
MRPM,15
MRPT,3
MRPV,994
MSAC,15
MSLP,25
MSLU,5
MSSA,725
MSSM,80
MSSS,616
MTCA,2
MTCH,2
MTPP,37
MUBA,9
MUBY,64
MUCA,101
MUCC,4
MUCF,39
MUCL,5
MUCM,122
MUCO,35
MUCU,76
MUGM,17
MUGT,8
MUHA,64
MUHG,106
MUMO,5
MUMZ,60
MUNG,23
MUPB,31
MUPR,37
MUSA,50
MUSC,103
MUSJ,30
MUSL,24
MUSN,11
MUTD,54
MUVR,65
MUVT,106
MVCZ,161
MVMN,28
MVPQ,19
MVTR,30
MWCB,2
MWCG,6
MWCR,3
MYAF,2
MYAK,4
MYBS,3
MYEF,3
MYEG,3
MYEH,3
MYER,3
MYGF,2
MYGM,2
MYGW,4
MYIG,4
MYNN,3
MYSM,5
MZBZ,5
NCAI,6
NCMH,0
NCMK,9
NCPY,2
NCRG,7
NCRK,5
NFFN,18
NFLB,6
NFNA,5
NFNK,3
NFNL,17
NFNM,21
NFNR,26
NFNS,13
NFTF,38
NFTL,3
NFTV,71
NGBR,3
NGFO,3
NGFU,1
NGTA,2
NGTR,7
NGTT,2
NGTU,1
NIUE,20
NLWF,36
NLWW,23
NSAP,2
NSAU,4
NSFA,5
NSTU,3
NTAA,2
NTAR,3
NTAT,3
NTGE,8
NTTB,3
NTTG,3
NTTO,3
NTTR,1
NTTX,3
NVSC,18
NVSG,51
NVSL,26
NVSS,44
NVVA,3
NVVV,21
NVVW,6
NWWD,7
NWWE,97
NWWK,18
NWWL,29
NWWM,3
NWWN,72
NWWR,42
NWWU,3
NWWV,7
NWWW,16
NZAA,6
NZCA,19
NZCH,34
NZCI,48
NZCM,8
NZDN,2
NZGS,8
NZHK,40
NZIR,2
NZKI,101
NZKT,87
NZMF,6
NZNP,36
NZNV,1
NZOH,52
NZOU,30
NZPG,5
NZPP,12
NZRN,49
NZRO,294
NZSP,2830
NZTG,5
NZWB,32
NZWD,22
NZWN,7
NZWP,27
NZWS,4
OAAS,880
OABD,2975
OABN,2550
OADW,2800
OADZ,1320
OAEK,1000
OAEM,2620
OAEQ,800
OAFR,700
OAFZ,1200
OAGL,1375
OAGM,2070
OAGN,2183
OAGZ,2350
OAHJ,3400
OAHN,1040
OAHR,964
OAJL,580
OAJS,1630
OAKB,1791
OAKJ,1000
OAKN,1010
OAKR,304
OAKS,1146
OAKT,1565
OALL,2800
OAMN,815
OAMS,378
OAOG,2262
OAPG,2114
OAPJ,2710
OAQD,1280
OAQN,914
OASD,1150
OASG,360
OAUZ,433
OAYQ,810
OAZB,2600
OBBI,2
ODAA,3
OEAB,2084
OEAH,172
OEAO,624
OEBA,1656
OEBH,1157
OEDF,22
OEDM,922
OEDR,17
OEDW,990
OEGN,3
OEGS,650
OEGT,499
OEHL,1013
OEJB,8
OEJD,15
OEJN,15
OEKB,754
OEKJ,503
OEKK,413
OEKM,2054
OEMA,631
OEMH,971
OEMK,369
OENG,1203
OEPA,355
OEPS,503
OERF,447
OERK,612
OERR,552
OERY,612
OESH,722
OESK,684
OETB,770
OETF,1449
OETR,855
OEWD,617
OEWJ,16
OEYN,8
OIAA,11
OIAD,143
OIAG,29
OIAH,738
OIAI,372
OIAM,4
OIAW,22
OIBA,7
OIBB,19
OIBJ,663
OIBK,30
OIBL,14
OIBP,9
OIBQ,6
OIBS,14
OIBV,24
OICC,1322
OICG,378
OICI,1343
OICJ,1600
OICK,1155
OICS,1373
OIFK,982
OIFM,1542
OIFS,2078
OIGG,-13
OIGK,1322
OIHH,1757
OIHM,1726
OIHR,1658
OIIE,1008
OIII,1191
OIIK,1278
OIIP,1271
OIIQ,928
OIIS,1115
OIKB,10
OIKK,1754
OIKM,985
OIKO,27
OIKQ,12
OIKR,1615
OIMB,1491
OIMC,288
OIMD,1100
OIMH,1333
OIMM,980
OIMN,1074
OIMQ,1140
OIMS,941
OIMT,711
OINB,-15
OINE,130
OING,155
OINK,33
OINN,-19
OINR,-20
OINZ,11
OISA,2004
OISF,1383
OISL,805
OISR,408
OISS,1491
OISY,1811
OITK,1107
OITL,1316
OITM,1340
OITR,1312
OITS,1493
OITT,1361
OITU,1364
OITZ,1663
OIYY,1236
OIZB,489
OIZC,6
OIZH,1370
OIZI,591
OIZJ,4
OJAI,730
OJAM,773
OJAQ,51
OJBD,619
OJHF,670
OJHR,688
OJMF,687
OJMN,1070
OKBK,55
OLBA,19
OMAA,27
OMAB,94
OMAD,3
OMAH,16
OMAL,262
OMDB,5
OMDL,25
OMDM,51
OMDW,25
OMFJ,28
OMRK,31
OMSJ,33
OOBR,299
OOFD,170
OOGB,135
OOHA,122
OOIA,1100
OOII,1000
OOKB,3
OOMA,19
OOMS,8
OONZ,1900
OOSA,20
OOSH,4
OOSQ,1755
OOSR,14
OOTH,445
OPBN,404
OPBW,120
OPCH,1500
OPDG,150
OPDI,173
OPFA,185
OPGD,29
OPGT,1454
OPJA,56
OPJI,57
OPKC,22
OPKD,41
OPKL,2015
OPLA,217
OPLH,215
OPMI,212
OPMN,921
OPMR,16
OPMT,123
OPNH,38
OPOR,2
OPPG,1003
OPPI,11
OPPS,360
OPQT,1606
OPRK,83
OPRN,508
OPRQ,150
OPRS,317
OPSB,134
OPSK,58
OPSR,188
OPSS,970
OPST,247
OPTA,340
OPTU,122
ORBB,34
ORBI,35
ORBM,223
ORBS,34
ORER,409
ORMM,2
ORMS,19
ORNI,53
ORSU,761
OSAP,393
OSDI,605
OSDZ,212
OSKL,455
OSLK,7
OSPR,404
OTBD,10
OYAA,3
OYAG,42
OYAN,15
OYAR,25
OYAS,2000
OYAT,1039
OYBI,1011
OYDM,2425
OYGD,41
OYHD,115
OYHJ,1760
OYIB,1920
OYMB,1000
OYMC,3
OYMK,3
OYRN,17
OYSH,1890
OYSN,2190
OYSQ,45
OYSY,701
OYTZ,1385
OYZM,1900
PAAK,17
PAAP,6
PAAQ,73
PABA,2
PABC,49
PABE,41
PABI,386
PABL,7
PABN,880
PABR,7
PABT,195
PABV,29
PACD,30
PACE,286
PACG,63
PACM,4
PACR,182
PACV,12
PACZ,146
PADE,5
PADG,297
PADK,4
PADL,26
PADM,31
PADQ,34
PADT,730
PADU,4
PAEC,381
PAED,59
PAEG,268
PAEH,161
PAEI,167
PAEL,3
PAEM,3
PAEN,27
PAER,345
PAFA,132
PAFB,137
PAFC,48
PAFE,9
PAFG,140
PAFK,321
PAFM,88
PAFN,9
PAFR,115
PAFS,126
PAFY,131
PAGA,46
PAGB,811
PAGH,60
PAGK,481
PAGL,8
PAGM,8
PAGN,2
PAGP,2
PAGS,9
PAGY,5
PAHC,21
PAHG,74
PAHL,65
PAHN,5
PAHO,28
PAHP,5
PAHS,55
PAHV,396
PAHY,1
PAHZ,305
PAIG,28
PAIH,20
PAII,30
PAIK,51
PAIL,49
PAIM,389
PAIN,524
PAIW,7
PAIZ,236
PAJC,15
PAJK,7
PAJN,5
PAJV,263
PAJZ,82
PAKC,19
PAKD,42
PAKF,6
PAKH,14
PAKI,4
PAKK,47
PAKN,17
PAKP,642
PAKT,28
PAKU,2
PAKV,61
PAKW,15
PALG,17
PALH,22
PALJ,81
PALK,735
PALP,5
PALR,585
PALU,3
PALV,12
PAMB,16
PAMC,103
PAMD,14
PAMH,214
PAMK,28
PAML,81
PAMM,1
PAMO,103
PAMR,41
PAMX,455
PAMY,13
PANC,38
PANI,26
PANN,110
PANT,36
PANV,99
PANW,92
PAOH,9
PAOM,11
PAOO,18
PAOR,523
PAOT,3
PAOU,4
PAPB,35
PAPC,3
PAPD,790
PAPG,15
PAPH,29
PAPM,5
PAPN,18
PAPO,6
PAPR,335
PAPT,558
PAQT,12
PARC,636
PARD,297
PARL,284
PARS,16
PARY,199
PASA,16
PASC,15
PASD,7
PASH,2
PASI,5
PASK,8
PASL,55
PASM,92
PASN,29
PASO,9
PASP,799
PASV,484
PASW,48
PASX,32
PASY,31
PATA,67
PATC,83
PATE,90
PATG,4
PATK,109
PATL,294
PATO,31
PATQ,29
PATW,668
PAUD,12
PAUM,104
PAUN,6
PAUO,69
PAVA,23
PAVC,47
PAVD,37
PAVL,3
PAVW,11
PAWD,23
PAWG,11
PAWI,27
PAWM,82
PAWN,30
PAWR,47
PAWS,107
PAXK,809
PAYA,11
PAZK,1003
PFEL,49
PFKT,9
PFNO,17
PFSH,7
PFYU,131
PGAC,111
PGNT,80
PGRO,185
PGSN,65
PGTI,82
PGUA,187
PGUM,91
PGWT,82
PHAC,1280
PHBK,8
PHFO,4
PHHI,255
PHHN,24
PHIK,4
PHJH,78
PHJR,15
PHKI,55
PHKM,1162
PHKO,27
PHKP,3
PHLI,45
PHLU,7
PHMK,141
PHMO,415
PHMU,817
PHNA,15
PHNC,1
PHNG,3
PHNL,4
PHNY,399
PHOG,12
PHSF,1887
PHTO,12
PHUP,30
PHWA,421
PHWR,4
PJON,5
PKMA,5
PKMJ,3
PKMR,4
PKWA,8
PLCH,3
PLFA,5
PLPA,2
PLUR,2
PMDY,4
POLI,5
PPIZ,8
PTKK,2
PTKR,30
PTPN,2
PTRO,54
PTSA,3
PTTK,2
PTTP,2
PTYA,17
PWAK,4
PZ74,1
PZ76,647
PZAN,22
PZHN,4
Q03I,333
QABS,395
QADI,417
QAEI,292
QAFI,387
QAGI,341
QAKI,310
QALI,312
QALS,342
QAMI,309
QASM,365
QATI,387
QAUI,426
QBAS,342
QBDI,350
QBKI,372
QBLM,383
QBMI,260
QBOI,353
QBRI,280
QBRS,342
QBSI,265
QBXI,304
QBZI,294
QCAI,423
QCBI,386
QCCI,304
QCDI,331
QCEI,299
QCES,440
QCGI,377
QCHI,332
QCKI,368
QCLS,342
QCNI,390
QCOI,315
QCQI,390
QCRI,417
QCSI,449
QDCI,279
QDNI,433
QDPS,397
QDRI,304
QDSS,1560
QEGI,339
QEKS,342
QESS,426
QETS,628
QFAI,374
QFCI,384
QFCM,318
QFDI,353
QFMM,304
QFOI,423
QGAS,342
QGLI,387
QGMM,403
QGNI,373
QGRI,310
QHAS,447
QHBS,380
QHHS,414
QHII,436
QHIM,342
QHOS,342
QHPI,328
QHSS,622
QHUI,379
QHUS,388
QIAI,285
QIFI,376
QINI,310
QJAM,317
QJCI,283
QJEI,338
QJWI,340
QKAS,749
QKCI,274
QKGM,319
QKGS,495
QKNI,301
QKWI,369
QLEI,365
QLEM,393
QLES,484
QLKS,342
QLMI,398
QLOI,359
QLTS,478
QLUI,360
QLYI,410
QMAI,314
QMAM,340
QMDI,310
QMII,393
QMIS,354
QMLI,387
QMMS,510
QMNI,309
QMOI,396
QMOM,483
QMRS,451
QMSI,368
QMSM,443
QMSS,784
QMUI,365
QMWI,357
QMYI,335
QNEI,305
QNII,384
QNKI,371
QNSI,332
QNVI,313
QOAI,353
QOBS,511
QOCI,245
QOGI,332
QOSI,353
QPAI,356
QPCI,372
QPEI,289
QPIS,493
QPJS,342
QPKI,286
QPTS,488
QPYI,312
QRAS,998
QRCM,349
QRMI,328
QRMS,342
QROI,384
QRRI,316
QRSI,351
QRUM,466
QRVI,382
QSAI,358
QSAS,440
QSBI,462
QSBS,449
QSDS,576
QSNS,478
QSTI,367
QSUI,289
QTKI,348
QTMM,387
QTMS,395
QTQI,256
QTYS,441
QUNI,301
QVMS,373
QVTI,386
QWAI,426
QWAS,854
QWBI,345
QWES,342
QWGI,291
QWII,356
QWLM,312
QWTS,544
QYAS,382
RCAY,10
RCBS,9
RCDC,24
RCFG,91
RCFN,42
RCFS,20
RCGI,8
RCGM,45
RCKH,9
RCKU,25
RCKW,13
RCLG,112
RCLM,6
RCLY,325
RCMJ,8
RCMQ,5
RCMS,9
RCMT,1
RCNN,19
RCNO,45
RCPO,8
RCQC,31
RCQS,37
RCSQ,29
RCSS,6
RCTP,33
RCUK,141
RCYU,16
RJAA,44
RJAF,660
RJAH,35
RJAI,31
RJAK,29
RJAM,9
RJAO,8
RJAT,683
RJAW,116
RJBB,8
RJBD,108
RJBE,5
RJBH,5
RJBT,210
RJCA,118
RJCB,152
RJCC,30
RJCH,36
RJCJ,27
RJCK,98
RJCM,36
RJCN,70
RJCO,11
RJCR,27
RJCS,37
RJCT,84
RJCW,11
RJCY,49
RJDB,16
RJDC,8
RJDK,20
RJDM,19
RJDO,20
RJDT,66
RJEB,25
RJEC,211
RJEO,36
RJER,30
RJFA,33
RJFC,38
RJFE,80
RJFF,12
RJFG,95
RJFK,275
RJFM,9
RJFN,82
RJFO,8
RJFR,6
RJFS,5
RJFT,196
RJFU,5
RJFW,3
RJFY,68
RJFZ,20
RJGG,5
RJKA,7
RJKB,29
RJKI,6
RJKN,5
RJNA,17
RJNF,8
RJNG,42
RJNH,48
RJNK,9
RJNN,17
RJNO,95
RJNS,135
RJNT,27
RJNW,219
RJNY,10
RJOA,6
RJOB,242
RJOC,5
RJOE,9
RJOF,5
RJOH,9
RJOI,2
RJOK,10
RJOM,7
RJOO,15
RJOP,6
RJOR,18
RJOS,11
RJOT,188
RJOW,54
RJOY,13
RJOZ,7
RJSA,201
RJSC,108
RJSD,26
RJSF,375
RJSH,49
RJSI,93
RJSK,96
RJSM,36
RJSN,4
RJSO,10
RJSR,87
RJSS,5
RJST,5
RJSU,10
RJSY,22
RJTA,65
RJTC,98
RJTD,36
RJTE,6
RJTF,44
RJTH,95
RJTI,8
RJTJ,93
RJTK,6
RJTL,33
RJTO,41
RJTQ,23
RJTR,109
RJTT,8
RJTU,105
RJTX,5
RJTY,139
RK13,200
RKJB,2
RKJJ,13
RKJK,9
RKJM,3
RKJU,29
RKJY,18
RKNC,75
RKND,14
RKNF,1407
RKNH,101
RKNN,11
RKNO,107
RKNR,792
RKNW,150
RKNY,74
RKPC,27
RKPE,2
RKPK,15
RKPM,27
RKPS,8
RKPU,33
RKSB,37
RKSC,406
RKSD,144
RKSE,2
RKSF,49
RKSG,16
RKSH,73
RKSI,7
RKSJ,1182
RKSL,87
RKSM,20
RKSN,15
RKSO,12
RKSP,171
RKSQ,91
RKSS,19
RKST,60
RKSU,43
RKSV,250
RKSW,24
RKSX,71
RKSY,12
RKTA,142
RKTB,46
RKTD,63
RKTE,79
RKTF,78
RKTG,75
RKTH,20
RKTI,91
RKTL,49
RKTM,302
RKTN,35
RKTS,150
RKTT,61
RKTU,66
RKTV,59
RKTW,13
RKTY,108
RKTZ,31
RKXX,0
ROAH,8
RODE,73
RODN,45
ROHF,6
ROIG,7
ROKJ,5
ROMD,15
ROMY,41
RORA,29
RORH,13
RORK,22
RORS,16
RORT,9
RORY,16
ROTM,75
ROYN,17
RPLB,17
RPLC,196
RPLI,5
RPLL,21
RPMD,18
RPMK,196
RPML,186
RPMP,17
RPMR,47
RPMS,4
RPMT,24
RPMZ,6
RPUA,3
RPUB,1296
RPUD,4
RPUH,3
RPUI,5
RPUK,41
RPUM,4
RPUN,43
RPUO,11
RPUQ,33
RPUR,6
RPUT,62
RPUV,40
RPUW,5
RPVA,3
RPVB,9
RPVC,3
RPVD,8
RPVF,5
RPVG,60
RPVI,8
RPVJ,6
RPVK,6
RPVM,10
RPVP,16
RPVR,4
RPVT,8
RPWB,15
RPWC,58
RPWE,46
RPWG,5
RPWI,5
RPWJ,13
RPWL,6
RPWM,8
RPWP,2
RPWS,55
RPWW,5
RPWX,396
RPWY,627
RPWZ,3
RPXC,161
RPXT,5
SAAC,38
SAAG,21
SAAJ,81
SAAP,78
SAAR,25
SAAU,43
SAAV,18
SABA,25
SABE,6
SACC,1138
SACI,338
SACO,474
SACP,658
SACQ,220
SACT,457
SACV,341
SADD,4
SADF,4
SADJ,28
SADL,19
SADM,30
SADP,12
SAEZ,20
SAME,704
SAMI,653
SAMJ,1165
SAMM,1425
SAMR,748
SAMS,940
SAMU,1844
SANC,454
SANE,199
SANI,1201
SANL,429
SANO,950
SANT,450
SANU,598
SANW,88
SAOC,421
SAOD,569
SAOL,137
SAOM,114
SAOR,486
SAOU,702
SARC,62
SARE,52
SARF,60
SARI,270
SARL,70
SARM,54
SARP,125
SARS,92
SASA,1216
SASJ,1167
SASO,357
SASQ,3462
SASR,205
SAST,450
SATG,38
SATK,130
SATM,107
SATR,48
SATU,73
SAVB,337
SAVC,46
SAVD,720
SAVE,794
SAVO,7
SAVP,460
SAVR,697
SAVT,43
SAVV,7
SAVY,136
SAWA,220
SAWD,80
SAWE,22
SAWG,19
SAWH,14
SAWJ,62
SAWM,545
SAWP,429
SAWR,356
SAWT,273
SAWU,111
SAZA,132
SAZB,83
SAZD,9
SAZE,304
SAZG,145
SAZH,115
SAZI,94
SAZM,21
SAZN,271
SAZO,32
SAZP,86
SAZQ,79
SAZR,191
SAZS,840
SAZT,175
SAZV,7
SAZY,779
SBAA,199
SBAF,34
SBAM,10
SBAN,1137
SBAQ,708
SBAR,9
SBAS,564
SBAT,288
SBAU,415
SBAX,998
SBBA,112
SBBC,65
SBBE,16
SBBG,180
SBBH,785
SBBI,923
SBBQ,1171
SBBR,1061
SBBT,579
SBBU,590
SBBV,140
SBBW,350
SBBZ,3
SBCA,754
SBCB,4
SBCC,536
SBCD,1029
SBCF,828
SBCG,567
SBCH,650
SBCI,183
SBCJ,621
SBCM,28
SBCO,47
SBCP,11
SBCR,141
SBCT,908
SBCV,4
SBCX,754
SBCY,182
SBCZ,170
SBDN,435
SBEC,10
SBEG,2
SBEK,98
SBER,104
SBES,11
SBFI,243
SBFL,5
SBFN,56
SBFS,3
SBFT,487
SBFU,735
SBFZ,25
SBGA,700
SBGL,6
SBGM,146
SBGO,747
SBGP,609
SBGR,750
SBGU,1065
SBGV,171
SBGW,533
SBHT,74
SBIC,43
SBIH,34
SBIL,5
SBIP,239
SBIT,497
SBIZ,123
SBJF,939
SBJP,7
SBJR,3
SBJU,409
SBJV,4
SBKG,560
SBKP,661
SBLB,10
SBLE,511
SBLJ,934
SBLN,426
SBLO,570
SBLP,440
SBLS,852
SBMA,102
SBMC,440
SBMD,206
SBME,2
SBMG,542
SBMK,646
SBML,647
SBMM,10
SBMN,84
SBMO,115
SBMQ,15
SBMS,18
SBMT,722
SBMY,49
SBMZ,17
SBNF,5
SBNM,322
SBNT,49
SBOI,39
SBPA,3
SBPB,5
SBPC,1260
SBPF,684
SBPG,4
SBPJ,236
SBPK,13
SBPL,375
SBPN,265
SBPP,660
SBPR,927
SBPS,51
SBPV,88
SBQV,893
SBRB,143
SBRF,19
SBRG,8
SBRJ,3
SBRP,549
SBRQ,750
SBRS,439
SBSA,856
SBSC,3
SBSJ,646
SBSL,53
SBSM,85
SBSN,72
SBSP,803
SBSR,543
SBST,3
SBSV,6
SBSY,197
SBTA,586
SBTB,87
SBTC,6
SBTD,565
SBTE,69
SBTF,47
SBTK,188
SBTL,796
SBTR,1
SBTS,325
SBTT,85
SBTU,40
SBUA,79
SBUF,252
SBUG,74
SBUI,81
SBUL,922
SBUP,356
SBUR,807
SBUY,72
SBVG,923
SBVH,652
SBVT,4
SBXI,432
SBXV,315
SBYA,105
SBYS,598
SCAC,114
SCAP,277
SCAR,59
SCAS,10
SCAT,204
SCBA,524
SCBL,123
SCBO,10
SCBQ,573
SCCC,325
SCCF,2312
SCCH,148
SCCI,37
SCCY,311
SCDA,52
SCEL,476
SCER,8
SCFA,120
SCFM,30
SCFT,318
SCGE,114
SCGZ,27
SCHA,291
SCHR,167
SCIC,242
SCIE,16
SCIP,69
SCIR,29
SCJO,65
SCLL,538
SCMK,11
SCNT,67
SCON,3
SCPQ,5
SCRA,30
SCRD,336
SCRG,441
SCRM,45
SCSE,146
SCSN,75
SCSR,366
SCST,44
SCTB,649
SCTC,120
SCTE,86
SCTI,511
SCTN,4
SCVD,14
SCVM,141
SEAM,2520
SEAS,2743
SEBC,3
SECH,69
SECO,220
SECU,2531
SEES,8
SEGS,16
SEGU,9
SEIB,2228
SELA,299
SELI,221
SELO,1238
SELT,2785
SEMA,430
SEMH,10
SEMT,14
SENL,293
SEPA,1043
SEPV,44
SEQM,2400
SEQU,2812
SERB,2796
SESA,8
SESL,40
SEST,6
SETA,17
SETI,220
SETU,2940
SFAL,23
SGAS,101
SGCO,74
SGEN,91
SGES,849
SGFI,139
SGME,181
SGNA,315
SGPI,56
SKAR,1219
SKAS,254
SKBC,34
SKBG,1189
SKBO,2548
SKBQ,10
SKBS,24
SKBU,15
SKCC,317
SKCG,1
SKCL,969
SKCO,6
SKEJ,134
SKFL,244
SKGI,293
SKGP,54
SKIB,928
SKIP,2961
SKLC,30
SKLT,84
SKMD,1499
SKMR,26
SKMU,207
SKMZ,2080
SKNV,443
SKOT,630
SKPC,55
SKPE,1346
SKPI,1320
SKPP,1730
SKPS,1826
SKPV,6
SKQU,467
SKRG,2137
SKRH,4
SKSJ,155
SKSM,4
SKSP,-2
SKTD,217
SKTU,5
SKUC,128
SKUI,33
SKUL,955
SKVP,138
SKVV,431
SKYP,312
SLAP,1415
SLAS,247
SLCA,798
SLCB,2548
SLCN,4057
SLCO,272
SLCP,497
SLET,414
SLGY,130
SLJE,284
SLJO,140
SLJV,520
SLLP,4014
SLMG,141
SLOR,3702
SLPO,3934
SLPS,135
SLRB,284
SLRI,135
SLRQ,203
SLRY,280
SLSA,144
SLSB,194
SLSI,413
SLSM,160
SLSU,2903
SLTJ,1858
SLTR,157
SLVM,400
SLVR,373
SLYA,645
SMJP,16
SMNI,10
SMSI,265
SMST,52
SMTB,323
SMZO,10
SMZY,15
SOCA,9
SOOM,9
SPAY,451
SPBB,833
SPCL,149
SPDO,13
SPEO,11
SPEQ,1366
SPGM,665
SPHI,34
SPHO,2749
SPHU,3350
SPHY,3548
SPHZ,2760
SPIL,634
SPIM,13
SPJA,792
SPJI,363
SPJJ,3322
SPJL,3827
SPJN,40
SPJR,2622
SPLO,9
SPLP,76
SPME,27
SPMS,179
SPNC,1860
SPOS,49
SPPG,46
SPPY,2435
SPQT,126
SPQU,2554
SPRU,30
SPSO,10
SPST,282
SPTN,458
SPTU,266
SPUR,55
SPVL,1833
SPYL,90
SPZA,765
SPZO,3249
SUAA,54
SUAG,123
SUCA,23
SUDU,93
SULS,30
SUME,22
SUMO,100
SUMU,32
SUPE,15
SUPU,61
SURV,205
SUSO,34
SUTB,134
SUTR,46
SVAC,225
SVBC,7
SVBI,204
SVBL,442
SVBM,614
SVBS,437
SVCB,48
SVCL,101
SVCN,442
SVCP,10
SVCR,17
SVCS,654
SVCU,4
SVCZ,160
SVFM,835
SVGD,131
SVGI,14
SVGU,163
SVHG,4
SVJC,23
SVJM,429
SVLF,98
SVLO,3
SVMC,65
SVMD,1498
SVMG,23
SVMI,48
SVMN,28
SVMP,175
SVMT,66
SVPA,74
SVPC,2
SVPM,1000
SVPR,144
SVSA,378
SVSE,907
SVSO,327
SVSP,232
SVSR,48
SVST,262
SVSZ,10
SVTM,181
SVTR,30
SVVA,431
SVVG,100
SVVL,575
SVVP,125
SWBC,40
SWPI,27
SYCJ,30
SYGO,10
SYGT,2
SYKM,488
SYKT,701
SYLT,107
SYMB,50
SYTM,30
TAKA,15
TAPA,14
TBPB,52
TBPO,50
TDCF,5
TDPD,14
TDPR,72
TFFF,5
TFFJ,290
TFFR,11
TGPY,7
TIST,7
TISX,19
TJBQ,72
TJIG,3
TJMZ,9
TJNR,12
TJPS,9
TJSJ,21
TJUA,852
TKPK,48
TKPN,17
TLPC,2
TLPL,3
TNCA,18
TNCB,6
TNCC,9
TNCE,39
TNCM,4
TQPF,31
TRPA,1004
TRPG,168
TRPM,12
TSDM,14
TTCP,8
TTPP,15
TTPS,2
TTPT,6
TUPJ,4
TVSB,4
TVSC,4
TVSM,2
TVSU,15
TVSV,9
TXKF,6
UAAA,847
UAAN,685
UACC,355
UACK,2547
UACP,142
UADD,665
UAFF,760
UAFM,760
UAFO,892
UAII,422
UAKD,381
UAKK,538
UAOO,129
UARR,38
UASK,286
UASP,125
UATA,56
UATE,22
UATG,-22
UATR,176
UATT,227
UAUU,182
UBBB,-6
UBBG,330
UBBL,10
UBBN,873
UBBQ,338
UBBY,390
UCFM,633
UCFO,884
UDSG,1524
UDYZ,865
UEEE,103
UELL,859
UERP,509
UERR,347
UESO,26
UEST,7
UGEE,907
UGEL,1524
UGGG,490
UGKO,68
UGMM,551
UGSB,32
UGSP,3
UGTB,495
UHBB,195
UHBP,543
UHHH,72
UHHO,29
UHMA,62
UHMD,3
UHMG,1
UHMI,1
UHML,9
UHMM,118
UHMO,18
UHMP,4
UHMR,1
UHNN,68
UHPP,40
UHSH,37
UHSS,31
UHWW,184
UIAA,685
UIBB,490
UIII,513
UIIO,525
UIKB,278
UIKK,258
UIKW,193
UINN,410
UIUH,666
UIUU,515
UJAP,2
UKBB,119
UKCC,241
UKCM,76
UKCW,194
UKDD,149
UKDE,113
UKDR,124
UKFF,188
UKHH,155
UKII,180
UKKE,114
UKKK,179
UKKM,157
UKLI,280
UKLL,325
UKLN,252
UKLR,230
UKLU,117
UKON,56
UKOO,35
ULAA,19
ULAK,56
ULDD,49
ULKK,56
ULLI,4
ULMM,51
ULOL,98
ULOO,47
ULPB,46
ULTT,44
ULWC,115
ULWT,134
ULWW,131
UMBB,143
UMGG,144
UMII,208
UMKK,21
UMLI,214
UMMG,135
UMMM,234
UMMS,205
UMOO,194
UMRR,3
UMRW,4
UNAA,245
UNBB,255
UNCE,308
UNCL,76
UNEE,260
UNII,78
UNKA,245
UNKI,260
UNKK,277
UNKL,276
UNKT,63
UNNN,177
UNNT,111
UNOO,95
UNTT,182
UNWW,308
UOHH,33
UOII,31
UOOO,175
URKA,53
URKK,34
URKM,558
URML,4
URMM,314
URMN,445
URMO,510
URMT,453
URRR,77
URSS,16
URWA,-20
URWI,150
URWW,147
USCC,234
USCM,435
USDD,67
USHH,23
USMM,15
USMU,59
USNN,54
USNR,76
USPP,123
USRK,68
USRR,44
USSI,101
USSS,233
USTR,115
UTAA,210
UTAK,85
UTAM,222
UTAT,83
UTAV,192
UTDD,803
UTDL,442
UTED,345
UTFA,477
UTFF,577
UTFN,490
UTKA,477
UTKF,577
UTKN,474
UTNN,67
UTNU,98
UTSA,346
UTSB,226
UTSH,599
UTSK,1365
UTSM,238
UTSS,724
UTST,302
UTTP,466
UTTT,489
UUBI,125
UUBP,202
UUBW,115
UUDD,168
UUDL,88
UUEE,190
UUEM,143
UUMO,174
UUOB,224
UUOK,209
UUOO,157
UUWW,203
UUYH,149
UUYS,80
UUYT,139
UUYW,185
UUYY,119
UWGG,73
UWKD,126
UWKE,196
UWKS,170
UWLL,134
UWLW,66
UWOO,109
UWOR,277
UWPP,174
UWSS,166
UWUU,137
UWWS,44
UWWW,146
VAAH,55
VAAK,309
VAAU,579
VABB,8
VABI,587
VABJ,80
VABM,747
VABO,39
VABP,523
VABV,11
VAGO,52
VAID,567
VAJB,393
VAJJ,4
VAJM,20
VAKD,318
VAKE,35
VAKJ,222
VAKP,570
VANP,310
VAPO,593
VAPR,7
VARK,138
VARP,298
VASL,479
VAUD,513
VBBM,113
VBBS,10
VBCI,3
VBHL,131
VBKG,828
VBKP,5
VBLS,749
VBMK,147
VBML,220
VBMM,22
VBMS,572
VBNU,55
VBPA,10
VBPG,15
VBPR,60
VBPT,409
VBRA,5
VBRM,76
VBRN,37
VBRR,29
VBSY,11
VBTV,17
VBYE,7
VCBI,8
VCCA,89
VCCB,12
VCCC,5
VCCT,7
VCRI,7
VDGB,13
VDKC,16
VDKH,15
VDPP,10
VDSR,15
VDST,56
VEAT,16
VEBD,126
VEBS,46
VECC,6
VECX,14
VEGK,77
VEGT,54
VEGY,116
VEIM,781
VEJH,230
VEJS,142
VELR,101
VEMH,31
VEMN,111
VEPB,79
VEPT,60
VERC,652
VERK,196
VERL,79
VGBG,20
VGCB,4
VGCM,10
VGEG,6
VGHS,10
VGIS,14
VGJR,7
VGRJ,20
VGSG,54
VGSY,16
VGTJ,9
VGZR,10
VHCH,79
VHHH,9
VIAG,169
VIAH,187
VIAL,98
VIAR,234
VIBN,85
VIBT,211
VIBY,173
VICX,126
VIDD,216
VIDP,233
VIGR,207
VIHR,221
VIJN,251
VIJO,224
VIJP,390
VIKA,126
VIKO,274
VILK,128
VISR,1666
VIST,317
VIUD,514
VLAP,105
VLHS,421
VLIP,102
VLKG,76
VLLB,291
VLLN,600
VLPS,107
VLSB,326
VLSK,155
VLSN,1000
VLSV,168
VLTK,52
VLVT,171
VLVV,296
VMMC,6
VNBW,109
VNJL,2300
VNKT,1337
VNPK,827
VNSI,137
VNSK,720
VNTJ,1732
VNVT,72
VOBG,897
VOBI,449
VOBL,915
VOBM,758
VOBZ,24
VOCB,399
VOCC,3
VOCI,8
VOCL,104
VOCP,130
VOGO,52
VOHS,1
VOHY,545
VOMD,131
VOML,103
VOMM,16
VOMY,767
VOTP,107
VOTR,88
VOTV,8
VOVR,214
VOVZ,5
VQPR,2235
VRGN,2
VRMG,3
VRMM,2
VTBC,4
VTBD,3
VTBG,29
VTBI,6
VTBJ,4
VTBK,9
VTBL,30
VTBO,32
VTBP,5
VTBS,2
VTBU,5
VTCB,389
VTCC,314
VTCH,269
VTCL,242
VTCN,201
VTCP,162
VTCR,395
VTCS,213
VTCT,390
VTPB,137
VTPH,6
VTPL,152
VTPM,197
VTPN,35
VTPO,54
VTPP,44
VTPS,45
VTPT,124
VTPU,64
VTSA,6
VTSB,11
VTSC,6
VTSD,5
VTSE,5
VTSF,4
VTSG,25
VTSH,5
VTSK,9
VTSM,17
VTSN,9
VTSP,10
VTSR,8
VTSS,35
VTST,16
VTUB,139
VTUC,183
VTUD,182
VTUI,172
VTUJ,146
VTUK,204
VTUL,254
VTUM,175
VTUN,188
VTUO,183
VTUP,148
VTUQ,234
VTUR,142
VTUS,172
VTUU,127
VTUV,138
VTUW,184
VVCR,12
VVCT,3
VVDN,7
VVGL,16
VVNB,12
VVNT,10
VVPB,17
VVPK,801
VVPQ,4
VVQN,6
VVTS,19
VVVH,6
VVVT,4
VYMD,91
VYSW,5
VYYY,33
WAAA,14
WAAB,2
WAAP,3
WAAS,10
WAAU,50
WABB,11
WABI,3
WABN,3
WABO,3
WABT,1770
WADA,3
WADD,216
WADL,97
WAJI,3
WAJJ,88
WAJW,1660
WAKK,3
WAKT,16
WALL,3
WALR,6
WAMA,8
WAMG,2
WAMH,5
WAMI,2
WAML,6
WAMM,80
WAMN,9
WAMP,2
WAMR,15
WAMT,15
WAMW,2
WAOO,20
WAPA,10
WAPH,3
WAPI,24
WAPN,2
WAPP,12
WAPR,20
WARJ,107
WARQ,128
WARR,2
WARS,3
WASF,130
WASK,3
WASR,3
WASS,3
WATT,102
WBGB,5
WBGG,27
WBGR,18
WBGS,8
WBGY,34
WBKK,3
WBKL,30
WBKS,13
WBKT,5
WBKW,20
WBSB,15
WIAA,126
WIAG,19
WIAM,335
WIAR,110
WIAS,526
WIBB,31
WIDD,38
WIDN,18
WIHH,25
WIIA,46
WIIB,740
WIID,5
WIIH,30
WIII,8
WIIJ,107
WIIK,110
WIIL,6
WIIS,3
WIIT,96
WIKB,40
WIKD,44
WIKK,33
WIKN,18
WIKS,31
WIMB,6
WIMG,3
WIMM,25
WIMS,3
WIMT,23
WIOI,38
WIOK,9
WION,2
WIOO,3
WIOS,30
WIPA,25
WIPH,782
WIPK,33
WIPL,16
WIPP,10
WIPR,19
WIPT,5
WITA,75
WITC,90
WITM,28
WITT,21
WMAP,88
WMAU,45
WMBA,8
WMBT,5
WMKA,5
WMKB,4
WMKC,5
WMKD,16
WMKE,5
WMKF,34
WMKI,39
WMKJ,40
WMKK,22
WMKL,7
WMKM,9
WMKN,6
WMKP,4
WMPA,1
WMSA,27
WPDL,6
WPEC,522
WPOC,5
WPVQ,47
WRBB,20
WRBI,25
WRBK,18
WRBM,60
WRBP,27
WRKA,125
WRKC,3
WRKE,3
WRKK,108
WRKL,9
WRKM,12
WRKR,1
WRKS,26
WRLB,550
WRLG,50
WRLH,10
WRLK,26
WRLL,3
WRLR,6
WRLS,230
WRLU,210
WRRA,3
WRRB,2
WRRR,1
WRRS,3
WRRW,12
WRSJ,3
WRSP,3
WRSQ,104
WRSS,3
WSAP,32
WSAT,12
WSSL,14
WSSS,16
X3RF,501
XADA,450
XAHS,705
XAI1,1012
XALG,337
XALT,262
XAM1,1101
XAM2,1020
XAME,313
XAMH,1112
XANK,264
XANS,966
XAOS,1038
XARS,1016
XASR,530
XASU,597
XATN,430
XAVO,377
XBFI,357
XBI1,824
XBO1,1348
XBUR,218
XBWS,1010
XCA1,739
XCAR,389
XCDR,236
XCEN,295
XCES,864
XCFI,247
XCID,246
XCL1,1052
XCO1,783
XCOU,268
XCRE,388
XCRI,232
XCTI,211
XCXS,593
XDAV,206
XDEC,310
XDES,281
XDEW,240
XDMS,1181
XDNI,426
XDR1,1317
XDSM,224
XDST,291
XDUB,250
XDVS,1113
XDYI,244
XFAS,1222
XFLS,969
XFOD,286
XFVS,825
XGDS,501
XGGS,778
XGHS,869
XGRI,281
XGU1,1698
XHA1,488
XHAN,333
XHES,1182
XHO1,1125
XHRS,1126
XIAC,254
XIGI,376
XIOW,250
XJEF,310
XJTS,613
XJU1,525
XKN1,448
XLBW,985
XLDS,1066
XLEO,349
XLES,901
XLO1,765
XMAN,309
XMAQ,251
XMAR,291
XMCS,873
XMCW,376
XME1,663
XMES,627
XMIS,309
XMNS,1144
XMOU,133
XMUS,1160
XNEW,327
XNOR,637
XOD1,418
XOES,931
XONA,303
XONS,1087
XOSC,334
XOTT,196
XPAD,616
XPD1,1055
XPEL,271
XPFI,294
XPFS,609
XPG1,875
XPMS,974
XPPS,1131
XPTS,792
XPVS,1024
XQCI,177
XQU1,808
XRAS,944
XRED,290
XREE,1020
XRLS,944
XRRS,797
XSBI,348
XSC1,718
XSDS,1105
XSE1,397
XSGV,1024
XSID,287
XSIG,202
XSIO,364
XSLS,934
XSMS,1010
XSPE,452
XSPR,697
XST1,821
XSTO,405
XSVS,976
XSW1,758
XSYI,480
XSYS,741
XTAS,946
XTAT,1225
XTIP,236
XTIS,1060
XTMI,250
XTUR,747
XUM1,1145
XURB,302
XWA1,572
XWAT,269
XWBG,260
XWE1,458
XWIL,325
XWOS,1008
XWVS,824
YABA,69
YAMB,28
YARG,165
YAYE,496
YBAF,18
YBAM,31
YBAS,541
YBBN,5
YBCG,6
YBCS,7
YBCV,304
YBDV,47
YBGL,76
YBHI,292
YBHM,5
YBLR,193
YBMA,344
YBMK,31
YBNA,2
YBOK,407
YBPN,25
YBRK,14
YBRM,9
YBTL,6
YBUD,82
YBWP,12
YBWX,6
YCAR,8
YCAS,26
YCBA,221
YCBB,645
YCBP,226
YCCY,570
YCDU,15
YCFS,5
YCIN,91
YCNM,184
YCOM,941
YDBY,7
YDGV,54
YDTC,376
YDYL,493
YEML,190
YESP,143
YFRT,156
YGEL,37
YGFN,34
YGLA,52
YGTE,14
YGTH,134
YHID,13
YHUG,318
YKRY,434
YLEC,262
YLIS,11
YLRE,193
YMAV,8
YMAY,171
YMDG,471
YMDV,47
YMEK,522
YMEN,86
YMER,2
YMES,8
YMHB,27
YMIA,51
YMLT,178
YMLV,21
YMMB,16
YMMG,69
YMMI,52
YMML,141
YMMQ,6
YMOR,214
YMTG,65
YMWY,11
YNAR,145
YNBR,240
YNTN,22
YNWN,525
YOLD,105
YPAD,4
YPAL,69
YPBH,315
YPBO,1292
YPCC,3
YPCD,17
YPDB,7
YPDN,30
YPEA,49
YPED,20
YPFT,160
YPGN,34
YPGV,55
YPJT,30
YPKG,360
YPKU,45
YPLC,262
YPLM,6
YPMQ,4
YPMR,518
YPPD,6
YPPF,16
YPPH,13
YPTN,109
YPWR,167
YPXM,259
YRMD,207
YSBK,14
YSCB,577
YSCH,5
YSCM,778
YSCN,70
YSDU,275
YSNF,109
YSNW,110
YSRI,21
YSSY,3
YSTW,410
YSWG,213
YSWM,8
YTEF,296
YTNK,377
YTRE,12
YWGT,153
YWHA,13
YWLM,9
ZBAA,30
ZBHH,1065
ZBOW,1049
ZBSJ,71
ZBTJ,3
ZBYN,779
ZGBH,16
ZGCS,46
ZGDY,900
ZGGG,15
ZGHA,66
ZGHK,15
ZGKL,166
ZGNN,73
ZGOW,3
ZGSZ,18
ZGZJ,28
ZHCC,111
ZHHH,23
ZJHK,23
ZJSY,27
ZKKC,23
ZKPY,38
ZLIC,1112
ZLJQ,1478
ZLLL,1947
ZLSN,398
ZLXN,2262
ZLXY,479
ZLYA,959
ZMUB,1330
ZPLC,2107
ZPPP,1892
ZSAM,139
ZSCG,2
ZSCN,50
ZSFZ,85
ZSGZ,125
ZSHC,43
ZSJN,23
ZSLC,1
ZSNB,4
ZSNJ,33
ZSNT,6
ZSOF,33
ZSPD,4
ZSQD,77
ZSSS,7
ZSTN,58
ZSTX,145
ZSWY,298
ZSWZ,7
ZSXZ,42
ZUCK,351
ZUGY,1074
ZULS,3650
ZUUU,508
ZWHM,739
ZWSH,1291
ZWTN,1375
ZWWW,654
ZWYN,663
ZYCC,238
ZYCY,176
ZYHB,140
ZYJL,187
ZYMD,269
ZYQQ,148
ZYTL,97
ZYTX,35
ZYYJ,190
ZYYY,43
